toi_id,hostname,st_teff,st_tefferr1,st_tefferr2,st_rad,st_raderr1,st_raderr2
1009.0,TOI 1009,8868.7,809.8,809.8,,,
1001.0,TOI 1001,7070.0,126.4,126.4,2.01,0.09,0.09
1007.0,TOI 1007,6596.0,139.2,139.2,2.7,0.13,0.13
1012.0,TOI 1012,8928.0,128.7,128.7,2.72,0.13,0.13
1019.0,TOI 1019,7645.0,134.4,134.4,1.56203,0.0481257,0.0481257
1025.0,TOI 1025,8598.7,1245.7,1245.7,,,
1027.0,TOI 1027,4272.0,122.7,122.7,0.68,0.06,0.06
1035.0,TOI 1035,5964.0,128.4,128.4,2.4303801,0.151568,0.151568
1036.0,TOI 1036,5771.0,132.3,132.3,1.18,0.06,0.06
1039.0,TOI 1039,,,,,,
1032.0,TOI 1032,10395.0,320.6,320.6,2.3383701,0.109357,0.109357
1044.0,TOI 1044,5215.2,1166.8,1166.8,,,
1056.0,TOI 1056,6124.3,83.0,83.0,1.36963,0.0633668,0.0633668
1058.0,TOI 1058,5785.0,189.0,189.0,3.4475601,0.174417,0.174417
1042.0,TOI 1042,9917.0,199.6,199.6,3.5086601,0.120121,0.120121
1059.0,TOI 1059,5509.0,186.0,186.0,0.94,0.06,0.06
1060.0,TOI 1060,5687.9,76.0,76.0,1.14,0.07,0.07
1080.0,TOI 1080,3296.0,64.0,64.0,0.199988,0.0059812,0.0059812
1063.0,TOI 1063,5552.0,187.0,187.0,0.791742,0.0453065,0.0453065
1077.0,TOI 1077,5192.0,182.0,182.0,0.984326,,
1083.0,TOI 1083,3614.0,64.0,64.0,0.491323,0.0146852,0.0146852
1086.0,TOI 1086,5818.0,190.0,190.0,2.0840001,0.106131,0.106131
1085.0,TOI 1085,6102.0,193.0,193.0,1.28,,
1091.0,TOI 1091,7348.0,133.8,133.8,2.39,0.09,0.09
1106.0,TOI 1106,5042.0,122.0,122.0,4.94,,
1103.0,TOI 1103,4437.0,124.0,124.0,3.13,,
1114.0,TOI 1114,8048.0,,,,,
1116.0,TOI 1116,5551.0,187.0,187.0,0.906282,0.048892,0.048892
1117.0,TOI 1117,5731.0,132.8,132.8,1.02,0.05,0.05
1124.0,TOI 1124,6690.0,119.9,119.9,1.49,0.07,0.07
1131.0,TOI 1131,5579.0,135.4,135.4,2.39803,0.136922,0.136922
1125.0,TOI 1125,8271.0,143.9,143.9,2.5027299,0.0856759,0.0856759
1137.0,TOI 1137,4919.6,59.0,59.0,6.3070302,,
1139.0,TOI 1139,7947.0,323.7,323.7,1.83,0.06,0.06
1149.0,TOI 1149,8737.5,1310.6,1310.6,,,
1153.0,TOI 1153,6528.3,179.4,179.4,1.69,0.06,0.06
1162.0,TOI 1162,8730.0,979.1,979.1,,,
1163.0,TOI 1163,9311.3,708.9,708.9,,,
1169.0,TOI 1169,6134.3,420.6,420.6,1.24,0.16,0.16
1174.0,TOI 1174,5029.5,59.9,59.9,0.76,0.05,0.05
1180.0,TOI 1180,4738.1,139.3,139.3,0.73,0.05,0.05
1176.0,TOI 1176,6557.7,83.3,83.3,1.57435,0.0662061,0.0662061
1179.0,TOI 1179,4927.9,85.3,85.3,0.78,0.05,0.05
1184.0,TOI 1184,4534.0,127.6,127.6,0.69,0.06,0.06
1186.0,TOI 1186,6115.7,343.6,343.6,2.01,0.09,0.09
1187.0,TOI 1187,6389.0,124.4,124.4,1.4,0.07,0.07
1189.0,TOI 1189,5286.9,447.0,447.0,,,
119.0,TOI 119,5332.0,184.0,184.0,0.82,0.05,0.05
1190.0,TOI 1190,7106.7,186.5,186.5,1.63,0.07,0.07
1194.0,TOI 1194,5339.9,155.2,155.2,0.99,0.06,0.06
1196.0,TOI 1196,6689.0,154.1,154.1,2.06,0.1,0.1
1197.0,TOI 1197,7649.0,290.1,290.1,2.12,0.07,0.07
1204.0,TOI 1204,6711.0,201.0,201.0,1.7756799,0.0832613,0.0832613
1207.0,TOI 1207,6282.0,196.0,196.0,1.10743,0.050495,0.050495
1205.0,TOI 1205,6090.0,193.0,193.0,4.1956,0.181862,0.181862
1208.0,TOI 1208,5626.0,188.0,188.0,0.823019,0.0405528,0.0405528
1215.0,TOI 1215,3751.0,68.0,68.0,0.518,0.077,0.077
1216.0,TOI 1216,4280.0,171.0,171.0,0.635812,0.0770502,0.0770502
1218.0,TOI 1218,5455.96,48.9052,48.9052,1.01825,0.0517361,0.0517361
1219.0,TOI 1219,6734.0,202.0,202.0,1.59,0.06,0.06
1222.0,TOI 1222,6082.0,193.0,193.0,1.32661,0.0595629,0.0595629
1224.0,TOI 1224,3442.0,64.0,64.0,0.404403,0.0120014,0.0120014
1226.0,TOI 1226,5668.15,125.0,125.0,0.986943,0.0490577,0.0490577
1232.0,TOI 1232,5739.0,189.0,189.0,1.09597,0.0537437,0.0537437
1238.0,TOI 1238,3853.0,157.0,157.0,0.62326,0.0182128,0.0182128
124.0,TOI 124,5080.0,181.0,181.0,4.09,,
1241.0,TOI 1241,5826.0,155.529,155.529,2.3387201,0.172542,0.172542
1242.0,TOI 1242,4255.0,128.2,128.2,0.71,0.07,0.07
1243.0,TOI 1243,3489.0,157.0,157.0,0.490729,0.014421,0.014421
1244.0,TOI 1244,4599.0,123.0,123.0,0.720551,0.0534824,0.0534824
1245.0,TOI 1245,3692.0,157.0,157.0,0.52,0.02,0.02
1249.0,TOI 1249,5453.0,117.875,117.875,1.0,0.05,0.05
1248.0,TOI 1248,5227.0,119.505,119.505,0.874131,0.0475929,0.0475929
1251.0,TOI 1251,5273.0,,,0.94,,
1254.0,TOI 1254,5451.0,125.913,125.913,1.0933,0.0570678,0.0570678
1252.0,TOI 1252,5780.0,,,0.624,0.087,0.087
1258.0,TOI 1258,6124.0,126.553,126.553,1.49,0.07,0.07
1263.0,TOI 1263,5098.0,125.822,125.822,0.82,0.05,0.05
1269.0,TOI 1269,5591.0,185.0,185.0,0.848906,0.0452839,0.0452839
1264.0,TOI 1264,5040.0,134.474,134.474,0.97,0.06,0.06
1277.0,TOI 1277,5544.0,120.311,120.311,0.857648,0.0429648,0.0429648
1279.0,TOI 1279,5477.0,120.112,120.112,0.840608,0.0419095,0.0419095
128.0,TOI 128,6086.0,193.0,193.0,1.13,0.05,0.05
1280.0,TOI 1280,4665.0,128.1,128.1,0.746003,0.0567136,0.0567136
1281.0,TOI 1281,6191.0,127.462,127.462,1.32,0.06,0.06
1286.0,TOI 1286,6588.0,247.617,247.617,1.57,0.07,0.07
1287.0,TOI 1287,5891.0,124.622,124.622,1.2103699,0.0578543,0.0578543
1293.0,TOI 1293,5923.0,128.1,128.1,1.11,0.05,0.05
1291.0,TOI 1291,6229.0,123.8,123.8,1.81,0.08,0.08
1295.0,TOI 1295,6470.0,129.5,129.5,1.59715,0.0727236,0.0727236
1301.0,TOI 1301,4820.4,31.6,31.6,0.731699,0.0479774,0.0479774
1302.0,TOI 1302,6530.0,122.3,122.3,1.47,0.06,0.06
1307.0,TOI 1307,5009.6,67.6,67.6,,,
1311.0,TOI 1311,8298.0,276.1,276.1,1.87493,0.0668316,0.0668316
131.0,TOI 131,4174.0,172.0,172.0,0.9,0.19,0.19
1320.0,TOI 1320,,,,,,
1327.0,TOI 1327,8715.0,408.0,408.0,4.12,0.13,0.13
1345.0,TOI 1345,5146.0,122.0,122.0,4.88,,
133.0,TOI 133,4028.0,170.0,170.0,0.650533,0.0558995,0.0558995
1346.0,TOI 1346,4965.0,124.0,124.0,0.784109,0.0494724,0.0494724
1347.0,TOI 1347,5300.0,143.2,143.2,0.846387,0.0434397,0.0434397
1349.0,TOI 1349,5711.1,365.0,365.0,1.27,0.15,0.15
1350.0,TOI 1350,6415.0,152.8,152.8,3.39,0.15,0.15
1355.0,TOI 1355,9218.0,636.1,636.1,1.8527499,0.0672563,0.0672563
1351.0,TOI 1351,,,,,,
1361.0,TOI 1361,7050.0,166.7,166.7,1.66,0.07,0.07
1362.0,TOI 1362,8129.0,122.0,122.0,7.39,,
1364.0,TOI 1364,9598.0,143.1,143.1,3.23,0.1,0.1
1378.0,TOI 1378,8224.0,161.9,161.9,2.92,0.1,0.1
138.0,TOI 138,5722.0,189.0,189.0,1.11,,
1381.0,TOI 1381,9976.0,352.0,352.0,2.62,0.08,0.08
140.0,TOI 140,6174.0,194.0,194.0,2.35511,0.11186,0.11186
1404.0,TOI 1404,6051.5,118.3,118.3,1.03,0.04,0.04
1412.0,TOI 1412,4223.45,133.402,133.402,0.66,0.06,0.06
1413.0,TOI 1413,5427.0,141.322,141.322,0.890109,0.0504724,0.0504724
1410.0,TOI 1410,4634.6,106.7,106.7,0.78,0.06,0.06
1414.0,TOI 1414,7128.0,132.115,132.115,1.58815,0.0671156,0.0671156
142.0,TOI 142,3658.0,162.0,162.0,0.608076,0.0190377,0.0190377
1415.0,TOI 1415,6383.0,130.424,130.424,1.41048,0.0649246,0.0649246
1420.0,TOI 1420,5387.0,136.579,136.579,0.940037,0.0535176,0.0535176
1421.0,TOI 1421,5780.0,,,,,
1432.0,TOI 1432,5587.0,126.4,126.4,0.91,0.05,0.05
1425.0,TOI 1425,5810.6,66.9,66.9,1.49,0.08,0.08
1435.0,TOI 1435,5142.0,122.712,122.712,0.82354,0.0484071,0.0484071
1433.0,TOI 1433,3275.0,157.0,157.0,0.476997,0.0140438,0.0140438
1436.0,TOI 1436,5011.22,102.681,102.681,0.74524,0.0389146,0.0389146
1438.0,TOI 1438,5374.0,183.0,183.0,0.815924,0.0458266,0.0458266
1440.0,TOI 1440,5780.0,,,1.34,0.08,0.08
1445.0,TOI 1445,6240.0,153.608,153.608,1.06,0.05,0.05
1446.0,TOI 1446,5180.0,101.324,101.324,0.83031,0.0398744,0.0398744
1447.0,TOI 1447,6906.0,,,4.12041,,
1448.0,TOI 1448,3391.0,157.0,157.0,0.381586,0.0113779,0.0113779
1449.0,TOI 1449,5780.0,,,0.604385,0.0249697,0.0249697
1450.0,TOI 1450,3407.0,157.0,157.0,0.473603,0.0139457,0.0139457
1453.0,TOI 1453,4920.0,127.0,127.0,0.71,0.05,0.05
1454.0,TOI 1454,6075.0,137.6,137.6,1.14394,0.0547236,0.0547236
1455.0,TOI 1455,6458.8,157.5,157.5,1.35,0.06,0.06
1460.0,TOI 1460,5766.0,,,1.1282001,,
1464.0,TOI 1464,5290.0,129.841,129.841,0.854841,0.0491557,0.0491557
1472.0,TOI 1472,5103.0,131.442,131.442,0.859483,0.0540654,0.0540654
1467.0,TOI 1467,3834.0,157.0,157.0,0.490737,0.0145151,0.0145151
1473.0,TOI 1473,5958.0,121.256,121.256,0.99,0.04,0.04
1475.0,TOI 1475,10012.0,185.641,185.641,1.88016,0.0501608,0.0501608
149.0,TOI 149,5095.6,1212.6,1212.6,,,
1520.0,TOI 1520,6153.0,155.5,155.5,1.5,0.07,0.07
153.0,TOI 153,6338.3,291.5,291.5,1.49,,
1532.0,TOI 1532,6659.0,172.5,172.5,1.41,0.06,0.06
1537.0,TOI 1537,5999.0,169.8,169.8,0.96,0.05,0.05
1544.0,TOI 1544,4630.4,97.1,97.1,,,
1588.0,TOI 1588,9503.0,123.0,123.0,5.96,,
155.0,TOI 155,6220.5,151.8,151.8,1.79,0.08,0.08
159.0,TOI 159,6979.2,136.5,136.5,1.58746,0.0717136,0.0717136
1606.0,TOI 1606,5626.5,213.9,213.9,1.55,0.01,0.01
585.0,TOI 585,6118.1,137.4,137.4,1.66,0.08,0.08
72532.0,0.0172532,,,,,,
,124.9,124.9,1.75,0.1,0.1,,
5490.0,TOI 5490,5706.5,105.1,105.1,1.67,0.08,0.08
5463.0,TOI 5463,6810.0,167.1,167.1,1.60902,,
5493.0,TOI 5493,6151.0,126.674,126.674,1.03824,0.0483694,0.0483694
5511.0,TOI 5511,3628.0,157.0,157.0,0.51,0.02,0.02
5507.0,TOI 5507,3514.0,157.0,157.0,0.356879,0.0106073,0.0106073
5515.0,TOI 5515,5494.0,126.257,126.257,0.835682,0.044211,0.044211
5519.0,TOI 5519,3443.0,157.0,157.0,0.365053,0.0111362,0.0111362
5518.0,TOI 5518,6948.0,189.1,189.1,1.12,0.06,0.06
5522.0,TOI 5522,6294.0,127.014,127.014,1.451,0.0793919,0.0793919
5525.0,TOI 5525,3288.0,157.0,157.0,0.418181,0.0124382,0.0124382
5530.0,TOI 5530,3888.0,157.0,157.0,0.525437,0.0158777,0.0158777
553.0,TOI 553,5465.0,186.0,186.0,0.839854,0.102877,0.102877
5531.0,TOI 5531,5788.42,152.86,152.86,1.10259,0.064804,0.064804
5532.0,TOI 5532,3975.0,157.0,157.0,0.662052,0.0195767,0.0195767
5533.0,TOI 5533,7173.0,126.702,126.702,1.79821,0.07799,0.07799
5536.0,TOI 5536,6555.0,135.3,135.3,3.22,0.15,0.15
5539.0,TOI 5539,5595.7,105.3,105.3,0.91,0.04,0.04
554.0,TOI 554,6337.87,44.6906,44.6906,1.42717,0.0557185,0.0557185
5544.0,TOI 5544,5086.0,315.4,315.4,0.877822,0.0575729,0.0575729
5545.0,TOI 5545,4427.0,122.0,122.0,1.06738,,
5550.0,TOI 5550,5923.8,142.4,142.4,1.13,0.06,0.06
5543.0,TOI 5543,5058.0,128.443,128.443,0.853329,0.0515628,0.0515628
5553.0,TOI 5553,4732.72,107.815,107.815,0.814343,0.0539498,0.0539498
5561.0,TOI 5561,3449.0,157.0,157.0,0.490442,0.0172532,0.0172532
5572.0,TOI 5572,4571.0,123.5,123.5,0.72,0.06,0.06
5574.0,TOI 5574,3999.0,123.9,123.9,0.87,0.09,0.09
5578.0,TOI 5578,4340.0,121.8,121.8,0.69,0.06,0.06
5589.0,TOI 5589,5707.5,,,1.89,,
5598.0,TOI 5598,3584.0,157.0,157.0,0.53,0.02,0.02
5605.0,TOI 5605,4374.8,127.3,127.3,0.74,0.06,0.06
5601.0,TOI 5601,4541.0,122.0,122.0,0.77,,
5604.0,TOI 5604,6413.0,219.3,219.3,1.47,0.07,0.07
5623.0,TOI 5623,5286.0,122.0,122.0,1.28,,
5608.0,TOI 5608,4661.0,131.5,131.5,0.8,0.06,0.06
5653.0,TOI 5653,6038.0,127.2,127.2,1.07,0.05,0.05
5657.0,TOI 5657,4708.0,123.0,123.0,0.65,,
5662.0,TOI 5662,3687.0,157.0,157.0,0.62,0.02,0.02
5659.0,TOI 5659,5845.3,117.7,117.7,1.44,,
5683.0,TOI 5683,3448.0,157.0,157.0,0.64,0.09,0.09
5666.0,TOI 5666,5526.0,122.0,122.0,1.51,,
5690.0,TOI 5690,6288.9,121.5,121.5,1.79,0.08,0.08
570.0,TOI 570,5973.0,192.0,192.0,1.31,0.06,0.06
5700.0,TOI 5700,5329.0,121.7,121.7,0.82,0.04,0.04
5665.0,TOI 5665,6064.0,122.0,122.0,2.03,,
5705.0,TOI 5705,5888.0,123.7,123.7,0.98,0.05,0.05
5706.0,TOI 5706,4717.0,107.8,107.8,1.05486,0.0768844,0.0768844
5707.0,TOI 5707,5553.0,119.845,119.845,0.93,0.05,0.05
5709.0,TOI 5709,3600.0,157.0,157.0,0.495592,0.0145958,0.0145958
5713.0,TOI 5713,3271.0,157.0,157.0,0.292425,0.0086479,0.0086479
5712.0,TOI 5712,6057.0,127.331,127.331,1.1743,0.0554774,0.0554774
5714.0,TOI 5714,5610.2,105.923,105.923,0.961354,0.0505553,0.0505553
5716.0,TOI 5716,3331.0,157.0,157.0,0.225966,0.0068267,0.0068267
5726.0,TOI 5726,5874.0,119.318,119.318,1.10649,0.0514447,0.0514447
5727.0,TOI 5727,5712.0,122.9,122.9,1.44969,0.0704321,0.0704321
5728.0,TOI 5728,3444.0,157.0,157.0,0.375994,0.0111753,0.0111753
5738.0,TOI 5738,3717.0,157.0,157.0,0.569914,0.0168518,0.0168518
573.0,TOI 573,3404.0,67.0,67.0,0.338,0.057,0.057
5740.0,TOI 5740,4552.0,129.934,129.934,0.788247,0.0637311,0.0637311
5747.0,TOI 5747,3466.0,157.0,157.0,0.420908,0.0124246,0.0124246
5748.0,TOI 5748,6154.0,175.3,175.3,1.67,0.08,0.08
5749.0,TOI 5749,6024.0,133.7,133.7,3.4,0.17,0.17
5751.0,TOI 5751,5219.0,125.0,125.0,1.04,,
5752.0,TOI 5752,5616.2,45.3,45.3,1.02,,
5756.0,TOI 5756,3517.0,157.0,157.0,0.56,0.02,0.02
5759.0,TOI 5759,6075.0,122.0,122.0,1.36,,
5774.0,TOI 5774,5662.6,129.1,129.1,0.95,,
5776.0,TOI 5776,5900.0,117.7,117.7,1.76,0.08,0.08
5781.0,TOI 5781,4942.0,122.0,122.0,3.05,,
5788.0,TOI 5788,5664.0,118.1,118.1,0.86,0.04,0.04
5786.0,TOI 5786,6280.0,134.5,134.5,1.33,0.06,0.06
579.0,TOI 579,4959.7,59.4,59.4,4.94,0.12,0.12
5800.0,TOI 5800,4821.0,122.8,122.8,0.817034,0.0545729,0.0545729
5799.0,TOI 5799,3521.0,157.0,157.0,0.343358,0.0102719,0.0102719
5807.0,TOI 5807,6815.9,110.6,110.6,1.65,0.06,0.06
580.0,TOI 580,11159.0,371.3,371.3,1.58,0.05,0.05
5841.0,TOI 5841,5678.0,136.9,136.9,1.8,0.09,0.09
5848.0,TOI 5848,5964.0,122.0,122.0,1.74,,
585.0,TOI 585,6118.1,137.4,137.4,1.66,0.08,0.08
5871.0,TOI 5871,6339.0,147.0,147.0,1.1,0.05,0.05
5872.0,TOI 5872,6032.0,165.2,165.2,1.14,0.05,0.05
5814.0,TOI 5814,4986.0,129.0,129.0,0.83,0.05,0.05
5877.0,TOI 5877,8722.0,717.2,717.2,2.47,0.09,0.09
5891.0,TOI 5891,6283.0,153.1,153.1,2.4,0.12,0.12
5930.0,TOI 5930,6289.0,137.0,137.0,1.94,0.09,0.09
5898.0,TOI 5898,5369.0,128.7,128.7,1.92,0.1,0.1
5919.0,TOI 5919,5393.0,144.0,144.0,2.13,0.12,0.12
5941.0,TOI 5941,4738.0,126.1,126.1,0.69,0.05,0.05
5945.0,TOI 5945,6117.0,122.0,122.0,1.38,,
594.0,TOI 594,,,,,,
5946.0,TOI 5946,6742.0,128.0,128.0,2.95,0.16,0.16
5951.0,TOI 5951,6689.0,166.9,166.9,1.59,0.06,0.06
5949.0,TOI 5949,4996.0,122.3,122.3,0.78,0.05,0.05
5954.0,TOI 5954,6906.0,145.4,145.4,2.44,0.11,0.11
5956.0,TOI 5956,3207.0,157.0,157.0,0.485926,0.0165041,0.0165041
5955.0,TOI 5955,3844.0,157.0,157.0,0.590924,0.0174113,0.0174113
5961.0,TOI 5961,3900.68,125.748,125.748,0.70171,0.0732965,0.0732965
5974.0,TOI 5974,3487.0,157.0,157.0,0.371684,0.0111082,0.0111082
5968.0,TOI 5968,5940.0,128.564,128.564,1.06,0.05,0.05
5965.0,TOI 5965,5729.0,183.861,183.861,1.75516,0.0905428,0.0905428
5977.0,TOI 5977,3180.0,157.0,157.0,0.58914,0.0187465,0.0187465
5981.0,TOI 5981,3721.0,157.0,157.0,0.539525,0.0158695,0.0158695
5983.0,TOI 5983,3406.0,157.0,157.0,0.399822,0.0119185,0.0119185
5991.0,TOI 5991,5983.0,121.421,121.421,1.24177,0.0547161,0.0547161
5985.0,TOI 5985,4837.0,121.016,121.016,0.774575,0.0509925,0.0509925
5997.0,TOI 5997,4674.0,123.295,123.295,0.704768,0.0510854,0.0510854
6000.0,TOI 6000,3419.0,157.0,157.0,0.377509,0.0112296,0.0112296
6002.0,TOI 6002,3272.0,157.0,157.0,0.242121,0.0072323,0.0072323
601.0,TOI 601,6221.0,132.6,132.6,3.1,0.26,0.26
6010.0,TOI 6010,5842.0,130.8,130.8,1.48,0.07,0.07
6019.0,TOI 6019,5559.5,112.5,112.5,1.9794101,0.0957664,0.0957664
6016.0,TOI 6016,5807.0,148.796,148.796,1.57,0.08,0.08
602.0,TOI 602,10633.0,303.4,303.4,2.5065,0.0785578,0.0785578
6022.0,TOI 6022,3264.0,157.0,157.0,0.369847,0.011002,0.011002
6027.0,TOI 6027,4389.0,122.0,122.0,1.02903,,
6026.0,TOI 6026,4540.4,108.6,108.6,0.79,0.05,0.05
6034.0,TOI 6034,3628.0,157.0,157.0,0.497905,0.0149054,0.0149054
6044.0,TOI 6044,5957.0,126.826,126.826,1.10261,0.0514573,0.0514573
6029.0,TOI 6029,5852.0,122.0,122.0,2.55,,
605.0,TOI 605,8265.0,,,2.12,,
6048.0,TOI 6048,6235.0,204.173,204.173,1.70647,0.0758291,0.0758291
6047.0,TOI 6047,5583.0,123.0,123.0,0.9697,,
6050.0,TOI 6050,6243.0,136.557,136.557,1.85996,0.0888442,0.0888442
6051.0,TOI 6051,6574.32,207.97,207.97,1.47238,,
6053.0,TOI 6053,7690.0,288.526,288.526,2.12813,0.0836382,0.0836382
6054.0,TOI 6054,6111.67,119.142,119.142,1.61211,0.0704171,0.0704171
6055.0,TOI 6055,3493.0,122.0,122.0,0.679269,,
6057.0,TOI 6057,6402.35,140.99,140.99,2.4084699,0.260206,0.260206
6062.0,TOI 6062,5936.0,130.2,130.2,1.0,0.05,0.05
6066.0,TOI 6066,6335.0,135.8,135.8,1.65,0.07,0.07
6065.0,TOI 6065,6061.0,136.5,136.5,1.38,0.07,0.07
6078.0,TOI 6078,5212.0,123.889,123.889,0.86,0.05,0.05
608.0,TOI 608,7471.9,126.4,126.4,2.14,,
6074.0,TOI 6074,5865.0,135.026,135.026,1.0159301,0.0521859,0.0521859
6080.0,TOI 6080,5680.0,127.769,127.769,1.06221,0.0538694,0.0538694
6082.0,TOI 6082,5694.0,187.0,187.0,1.39,0.07,0.07
609.0,TOI 609,5759.0,128.2,128.2,1.19,0.06,0.06
6102.0,TOI 6102,5878.0,122.0,122.0,0.986176,,
6103.0,TOI 6103,7069.0,137.874,137.874,1.30309,0.0526231,0.0526231
6108.0,TOI 6108,5748.0,122.0,122.0,1.34253,,
6109.0,TOI 6109,5416.1,162.8,162.8,0.95,0.06,0.06
6122.0,TOI 6122,6391.0,126.5,126.5,2.18,0.11,0.11
613.0,TOI 613,4949.2,37.7,37.7,2.19,,
6151.0,TOI 6151,6008.0,289.0,289.0,2.27,0.12,0.12
616.0,TOI 616,,,,,,
6185.0,TOI 6185,6390.0,141.0,141.0,1.5,0.07,0.07
6189.0,TOI 6189,5444.0,122.0,122.0,1.02,,
6202.0,TOI 6202,7767.0,,,1.97,,
6237.0,TOI 6237,6866.0,122.0,122.0,2.11,,
6221.0,TOI 6221,5966.4,107.1,107.1,1.41,0.07,0.07
6245.0,TOI 6245,3106.0,157.0,157.0,0.236457,0.0070855,0.0070855
6240.0,TOI 6240,6393.0,128.7,128.7,1.55,0.1,0.1
6244.0,TOI 6244,5739.2,144.3,144.3,1.3,0.1,0.1
6246.0,TOI 6246,7665.0,187.3,187.3,2.5943999,0.0780352,0.0780352
6253.0,TOI 6253,4902.0,123.673,123.673,0.744485,0.049206,0.049206
6256.0,TOI 6256,6088.0,247.1,247.1,1.30233,0.0594472,0.0594472
6248.0,TOI 6248,6306.0,131.46,131.46,1.35595,0.0603015,0.0603015
6258.0,TOI 6258,3392.0,157.0,157.0,0.380156,0.0112742,0.0112742
6257.0,TOI 6257,6353.0,131.855,131.855,1.31864,0.0586433,0.0586433
6260.0,TOI 6260,7707.0,128.6,128.6,1.96,0.06,0.06
6265.0,TOI 6265,6387.1,114.4,114.4,1.37,0.06,0.06
6266.0,TOI 6266,5039.0,132.8,132.8,0.74,0.05,0.05
6268.0,TOI 6268,6249.0,125.481,125.481,1.4101501,0.0718794,0.0718794
6271.0,TOI 6271,5780.0,,,,,
6274.0,TOI 6274,6498.6,126.5,126.5,2.3323801,0.104789,0.104789
6272.0,TOI 6272,6880.0,132.624,132.624,1.82496,0.093799,0.093799
6276.0,TOI 6276,4633.87,143.288,143.288,0.630715,0.0536482,0.0536482
6282.0,TOI 6282,6055.0,130.9,130.9,1.09,0.05,0.05
6293.0,TOI 6293,4831.0,122.0,122.0,0.93,,
6277.0,TOI 6277,5704.0,131.889,131.889,1.09866,0.0559673,0.0559673
6322.0,TOI 6322,6274.0,155.6,155.6,1.65,0.08,0.08
6324.0,TOI 6324,3358.0,157.0,157.0,0.3,0.01,0.01
6361.0,TOI 6361,5206.0,122.0,122.0,0.81,,
6386.0,TOI 6386,6316.0,122.0,122.0,1.22,,
637.0,TOI 637,5637.0,188.0,188.0,,,
6397.0,TOI 6397,5041.0,122.0,122.0,0.93,,
6395.0,TOI 6395,7487.8,138.5,138.5,2.22,0.12,0.12
6394.0,TOI 6394,5817.2,185.7,185.7,1.46,0.11,0.11
6381.0,TOI 6381,5492.0,135.8,135.8,0.85,0.05,0.05
6455.0,TOI 6455,5811.0,32.9,32.9,1.84758,0.0888945,0.0888945
6463.0,TOI 6463,6543.5,103.3,103.3,1.5187401,0.0907085,0.0907085
647.0,TOI 647,4900.0,122.0,122.0,5.01,,
641.0,TOI 641,5646.0,129.7,129.7,1.04,0.05,0.05
649.0,TOI 649,6779.0,147.4,147.4,2.43,0.11,0.11
6458.0,TOI 6458,6200.93,105.169,105.169,2.0913501,0.081407,0.081407
6556.0,TOI 6556,5996.0,126.5,126.5,1.39,0.07,0.07
6552.0,TOI 6552,5933.0,45.2,45.2,1.53146,0.0829172,0.0829172
6566.0,TOI 6566,6457.0,130.9,130.9,1.89487,0.177528,0.177528
659.0,TOI 659,5990.0,192.0,192.0,1.42,0.07,0.07
6549.0,TOI 6549,5681.0,128.22,128.22,1.56062,0.0801985,0.0801985
6565.0,TOI 6565,6210.0,129.78,129.78,1.46319,0.081691,0.081691
658.0,TOI 658,6521.0,199.0,199.0,1.6,0.08,0.08
6599.0,TOI 6599,3087.0,64.0,64.0,0.202097,0.0060383,0.0060383
6655.0,TOI 6655,5564.0,130.0,130.0,0.91,0.05,0.05
666.0,TOI 666,6680.0,201.0,201.0,2.3351099,0.169547,0.169547
6662.0,TOI 6662,3359.0,157.0,157.0,0.33188,0.0099053,0.0099053
6678.0,TOI 6678,4794.0,126.8,126.8,0.77,0.06,0.06
6689.0,TOI 6689,5377.0,132.736,132.736,1.06754,0.0600302,0.0600302
6683.0,TOI 6683,5009.0,122.0,122.0,0.849464,,
669.0,TOI 669,5581.9,76.0,76.0,0.99,0.04,0.04
6701.0,TOI 6701,6697.0,750.5,750.5,2.0266299,0.144699,0.144699
6702.0,TOI 6702,4454.0,122.71,122.71,0.698505,0.0561809,0.0561809
6705.0,TOI 6705,6392.0,197.0,197.0,2.8927801,0.131065,0.131065
6704.0,TOI 6704,5780.0,,,,,
6706.0,TOI 6706,8044.0,220.0,220.0,1.89254,0.0668945,0.0668945
6708.0,TOI 6708,3264.0,157.0,157.0,0.320782,0.0096852,0.0096852
6709.0,TOI 6709,4799.0,138.811,138.811,0.678033,0.0523719,0.0523719
6712.0,TOI 6712,6016.28,114.525,114.525,2.17401,0.0935806,0.0935806
6713.0,TOI 6713,4944.24,103.209,103.209,0.757603,0.0405226,0.0405226
6714.0,TOI 6714,2824.0,157.0,157.0,0.125969,0.0037185,0.0037185
6715.0,TOI 6715,4743.0,121.631,121.631,0.793587,0.0548744,0.0548744
6716.0,TOI 6716,3190.0,157.0,157.0,0.226654,0.0068166,0.0068166
6721.0,TOI 6721,5693.0,126.0,126.0,1.08355,,
6725.0,TOI 6725,,,,,,
6729.0,TOI 6729,6289.7,108.2,108.2,1.86,0.08,0.08
678.0,TOI 678,5624.0,187.0,187.0,1.057,0.0536432,0.0536432
679.0,TOI 679,6655.0,83.0,83.0,1.91,0.09,0.09
680.0,TOI 680,5967.0,192.0,192.0,1.7628,0.0837786,0.0837786
6837.0,TOI 6837,5872.1,,,1.19,,
6841.0,TOI 6841,5103.41,120.928,120.928,0.836141,0.0511281,0.0511281
686.0,TOI 686,6279.8,127.2,127.2,1.59007,0.0682663,0.0682663
6880.0,TOI 6880,5434.0,124.8,124.8,0.81,0.04,0.04
6899.0,TOI 6899,5503.0,126.761,126.761,0.930478,0.048995,0.048995
6891.0,TOI 6891,5675.0,122.0,122.0,0.802301,,
6900.0,TOI 6900,4468.0,162.173,162.173,0.737084,0.0797739,0.0797739
6901.0,TOI 6901,4550.0,123.424,123.424,0.68788,0.0530653,0.0530653
6908.0,TOI 6908,5501.09,140.271,140.271,1.29268,0.0789799,0.0789799
6903.0,TOI 6903,6971.2,125.185,125.185,1.57506,0.0663266,0.0663266
6958.0,TOI 6958,4403.0,122.0,122.0,0.667127,,
6910.0,TOI 6910,5585.0,122.0,122.0,1.10185,,
6964.0,TOI 6964,5432.25,142.88,142.88,1.0462199,0.0805025,0.0805025
6960.0,TOI 6960,5107.3,5387.0,5387.0,0.732116,0.0540377,0.0540377
6965.0,TOI 6965,6007.0,103.951,103.951,1.12993,0.0445402,0.0445402
6963.0,TOI 6963,3303.0,,,1.1499799,,
6968.0,TOI 6968,5924.0,130.277,130.277,1.20432,0.0548744,0.0548744
6971.0,TOI 6971,6309.0,127.912,127.912,2.85361,0.132256,0.132256
6966.0,TOI 6966,6194.54,108.524,108.524,1.30635,0.0608241,0.0608241
699.0,TOI 699,6138.6,54.0,54.0,1.42,0.06,0.06
702.0,TOI 702,4015.0,170.0,170.0,0.577735,0.0594221,0.0594221
703.0,TOI 703,5384.0,185.0,185.0,0.91,0.04,0.04
7031.0,TOI 7031,3718.0,157.0,157.0,0.636647,0.0199952,0.0199952
7062.0,TOI 7062,4942.0,126.4,126.4,0.77,0.05,0.05
7052.0,TOI 7052,4269.0,124.3,124.3,0.64,0.06,0.06
7063.0,TOI 7063,5263.0,126.7,126.7,0.83,0.05,0.05
714.0,TOI 714,3782.0,,,0.473141,0.0141473,0.0141473
713.0,TOI 713,4316.7,69.0,69.0,0.651075,0.054108,0.054108
721.0,TOI 721,6008.62,40.1065,40.1065,1.3,0.06,0.06
724.0,TOI 724,5330.0,125.0,125.0,0.88283,0.048588,0.048588
723.0,TOI 723,4907.96,59.9497,59.9497,0.76,0.05,0.05
738.0,TOI 738,5324.0,184.0,184.0,0.942255,0.0537487,0.0537487
740.0,TOI 740,5776.0,189.0,189.0,0.97,0.05,0.05
741.0,TOI 741,3766.0,95.0,95.0,0.53,0.02,0.02
756.0,TOI 756,3614.0,64.0,64.0,0.507628,0.0151246,0.0151246
749.0,TOI 749,3602.0,66.0,66.0,0.442,0.069,0.069
746.0,TOI 746,5614.9,126.0,126.0,0.957719,0.0512412,0.0512412
758.0,TOI 758,6072.0,193.0,193.0,1.26126,,
768.0,TOI 768,5956.0,192.0,192.0,1.15,0.05,0.05
771.0,TOI 771,3231.0,,,0.241857,0.0072715,0.0072715
779.0,TOI 779,5780.0,,,,,
777.0,TOI 777,7199.0,208.0,208.0,1.6028301,0.0833116,0.0833116
782.0,TOI 782,3331.0,63.0,63.0,0.406516,0.0122887,0.0122887
783.0,TOI 783,4498.94,87.0,87.0,0.668361,0.0577939,0.0577939
786.0,TOI 786,5853.8,45.2182,45.2182,1.31,0.06,0.06
787.0,TOI 787,6623.0,200.0,200.0,1.31556,0.0569849,0.0569849
789.0,TOI 789,3471.0,64.0,64.0,0.37114,0.0111606,0.0111606
772.0,TOI 772,5184.0,182.0,182.0,0.815374,0.0503367,0.0503367
788.0,TOI 788,4997.0,172.0,172.0,2.56864,,
795.0,TOI 795,6168.88,51.1185,51.1185,1.3109699,0.0562513,0.0562513
797.0,TOI 797,3704.0,64.0,64.0,0.473702,0.0140887,0.0140887
799.0,TOI 799,5643.0,188.0,188.0,0.915519,0.047407,0.047407
801.0,TOI 801,6283.39,44.3964,44.3964,1.3560899,0.0518292,0.0518292
800.0,TOI 800,5780.0,,,1.0,,
804.0,TOI 804,5988.0,192.0,192.0,,,
802.0,TOI 802,5235.78,28.5591,28.5591,0.74982,0.0367236,0.0367236
807.0,TOI 807,4662.0,174.0,174.0,0.693074,0.0804573,0.0804573
812.0,TOI 812,6707.0,133.4,133.4,1.57,0.07,0.07
815.0,TOI 815,4953.9,107.6,107.6,0.76,0.04,0.04
823.0,TOI 823,6309.0,196.0,196.0,1.30032,0.0571256,0.0571256
829.0,TOI 829,5636.0,188.0,188.0,0.948885,0.0560351,0.0560351
827.0,TOI 827,5848.0,190.0,190.0,1.2740999,0.0577764,0.0577764
831.0,TOI 831,5808.0,190.0,190.0,1.14478,,
835.0,TOI 835,6012.0,192.0,192.0,0.882828,0.0481784,0.0481784
841.0,TOI 841,5153.0,182.0,182.0,0.9,0.06,0.06
842.0,TOI 842,5376.0,185.0,185.0,1.00073,0.0564422,0.0564422
851.0,TOI 851,5485.0,137.1,137.1,0.77,0.04,0.04
853.0,TOI 853,5937.0,131.1,131.1,1.38,0.07,0.07
855.0,TOI 855,6671.0,115.3,115.3,1.22,0.05,0.05
859.0,TOI 859,4971.0,128.7,128.7,0.756197,0.049583,0.049583
862.0,TOI 862,,,,,,
863.0,TOI 863,5867.0,190.0,190.0,0.850302,0.0409598,0.0409598
864.0,TOI 864,3460.0,,,0.39861,0.0120441,0.0120441
865.0,TOI 865,5181.0,182.0,182.0,1.19844,0.0637688,0.0637688
871.0,TOI 871,4939.0,180.0,180.0,0.732189,0.0451432,0.0451432
872.0,TOI 872,4872.54,125.0,125.0,0.75636,0.0519875,0.0519875
874.0,TOI 874,6437.0,198.0,198.0,1.4178801,0.06,0.06
877.0,TOI 877,7836.0,201.7,201.7,1.59435,0.0562261,0.0562261
880.0,TOI 880,4935.0,122.3,122.3,0.82,0.05,0.05
887.0,TOI 887,7173.0,181.9,181.9,2.26,0.12,0.12
890.0,TOI 890,6600.0,351.5,351.5,1.67,,
899.0,TOI 899,5591.0,125.0,125.0,1.18787,0.0674397,0.0674397
900.0,TOI 900,3861.0,142.0,142.0,0.680711,0.0617663,0.0617663
901.0,TOI 901,7062.0,206.0,206.0,1.38436,0.065,0.065
903.0,TOI 903,6266.0,41.0,41.0,2.21,0.1,0.1
906.0,TOI 906,5954.53,53.0596,53.0596,1.42,0.13,0.13
907.0,TOI 907,6272.0,196.0,196.0,2.0597899,0.0922839,0.0922839
911.0,TOI 911,5963.0,80.0,80.0,1.44708,0.0702814,0.0702814
921.0,TOI 921,6055.5,112.5,112.5,1.14,0.05,0.05
924.0,TOI 924,5682.0,128.9,128.9,0.993827,0.047789,0.047789
932.0,TOI 932,4444.0,124.0,124.0,0.734073,0.0597135,0.0597135
934.0,TOI 934,4833.0,178.0,178.0,0.869755,0.0570855,0.0570855
936.0,TOI 936,4320.0,173.0,173.0,0.85,0.1,0.1
945.0,TOI 945,7019.0,133.6,133.6,1.65,0.07,0.07
970.0,TOI 970,5189.0,121.3,121.3,1.06532,0.0585729,0.0585729
940.0,TOI 940,5100.2,109.7,109.7,0.85,0.04,0.04
986.0,TOI 986,8274.5,181.1,181.1,1.65,0.06,0.06
990.0,TOI 990,8388.0,125.1,125.1,1.86,0.07,0.07
991.0,TOI 991,9855.0,169.3,169.3,2.13,0.11,0.11
993.0,TOI 993,8035.0,150.8,150.8,1.67,0.05,0.05
4051.0,TOI 4051,5091.0,122.0,122.0,1.0,,
1598.0,TOI 1598,6011.0,194.8,194.8,1.73,0.08,0.08
161.0,TOI 161,5388.0,,,0.98,,
1610.0,TOI 1610,5740.2,119.6,119.6,1.19,0.06,0.06
1620.0,TOI 1620,6594.0,142.3,142.3,1.49,0.07,0.07
1621.0,TOI 1621,7257.0,418.7,418.7,1.02,0.04,0.04
1630.0,TOI 1630,5504.0,129.9,129.9,0.83,0.04,0.04
1638.0,TOI 1638,3810.0,157.0,157.0,0.701237,0.0205528,0.0205528
1648.0,TOI 1648,4871.6,52.4,52.4,0.84,0.06,0.06
1652.0,TOI 1652,5329.0,131.1,131.1,1.99,0.11,0.11
1653.0,TOI 1653,7106.5,152.6,152.6,2.5,0.78,0.78
1654.0,TOI 1654,5286.9,723.2,723.2,,,
1659.0,TOI 1659,5977.0,130.6,130.6,1.00568,0.0478392,0.0478392
166.0,TOI 166,5254.0,152.9,152.9,1.00217,0.0537965,0.0537965
1664.0,TOI 1664,6225.0,193.0,193.0,1.34,0.06,0.06
1669.0,TOI 1669,5550.0,134.2,134.2,1.07,0.05,0.05
167.0,TOI 167,5766.0,158.9,158.9,,,
1681.0,TOI 1681,5672.5,145.4,145.4,0.93,0.05,0.05
168.0,TOI 168,4801.5,126.2,126.2,0.73,0.05,0.05
1683.0,TOI 1683,4402.0,126.1,126.1,0.695095,0.0594975,0.0594975
1684.0,TOI 1684,4815.0,122.0,122.0,2.99,,
1686.0,TOI 1686,6141.0,223.518,223.518,1.45858,0.0689849,0.0689849
1688.0,TOI 1688,5843.0,170.189,170.189,2.3529,0.118236,0.118236
1687.0,TOI 1687,5734.0,157.223,157.223,0.978325,0.0471558,0.0471558
1697.0,TOI 1697,4067.0,118.044,118.044,0.65,0.07,0.07
1699.0,TOI 1699,5654.4,132.3,132.3,1.03909,0.0568342,0.0568342
170.0,TOI 170,5973.0,131.5,131.5,1.22,0.06,0.06
1706.0,TOI 1706,5617.0,125.1,125.1,0.97,0.05,0.05
1709.0,TOI 1709,6157.0,134.0,134.0,1.6,0.09,0.09
1708.0,TOI 1708,6259.0,123.6,123.6,1.24,0.06,0.06
171.0,TOI 171,5237.0,183.0,183.0,1.1072299,0.0651181,0.0651181
1713.0,TOI 1713,5097.6,102.7,102.7,0.946,0.0538694,0.0538694
1716.0,TOI 1716,5878.6,140.7,140.7,1.24,0.07,0.07
1717.0,TOI 1717,6578.0,122.8,122.8,1.36,0.06,0.06
1718.0,TOI 1718,5378.0,134.6,134.6,0.94,0.06,0.06
1719.0,TOI 1719,6096.4,111.7,111.7,4.17,0.26,0.26
1722.0,TOI 1722,6137.0,125.2,125.2,1.09,0.05,0.05
1723.0,TOI 1723,5777.0,124.977,124.977,1.09,0.05,0.05
173.0,TOI 173,6409.0,197.0,197.0,1.46863,0.0610553,0.0610553
1730.0,TOI 1730,3691.0,157.0,157.0,0.53,0.02,0.02
1735.0,TOI 1735,6439.0,119.798,119.798,1.26,0.05,0.05
1737.0,TOI 1737,6669.0,127.5,127.5,1.95,0.08,0.08
1739.0,TOI 1739,4814.0,124.993,124.993,0.78,0.05,0.05
1743.0,TOI 1743,3281.0,157.0,157.0,0.32,0.01,0.01
1745.0,TOI 1745,3759.0,157.0,157.0,0.424468,0.0126086,0.0126086
1746.0,TOI 1746,3340.0,157.0,157.0,0.410465,0.0147749,0.0147749
1747.0,TOI 1747,4435.0,120.688,120.688,0.7,0.06,0.06
1748.0,TOI 1748,4837.0,178.0,178.0,0.768226,0.0516382,0.0516382
1750.0,TOI 1750,4765.0,123.903,123.903,0.768675,0.0541206,0.0541206
1752.0,TOI 1752,3652.0,157.0,157.0,0.526987,0.0156406,0.0156406
1753.0,TOI 1753,5700.0,130.299,130.299,0.959022,0.0498041,0.0498041
1757.0,TOI 1757,4428.0,128.048,128.048,0.707159,0.0603317,0.0603317
1761.0,TOI 1761,6311.0,146.415,146.415,1.19407,0.0529648,0.0529648
1756.0,TOI 1756,3756.0,157.0,157.0,0.562607,0.0165054,0.0165054
1765.0,TOI 1765,5203.4,186.0,186.0,0.9,0.05,0.05
1763.0,TOI 1763,3520.0,157.0,157.0,0.472869,0.0139803,0.0139803
1768.0,TOI 1768,5994.0,121.0,121.0,1.1,0.05,0.05
1772.0,TOI 1772,5583.1,110.4,110.4,0.995254,0.04551,0.04551
1769.0,TOI 1769,5493.0,123.5,123.5,0.89,0.05,0.05
1777.0,TOI 1777,5859.45,101.754,101.754,0.98,0.04,0.04
1778.0,TOI 1778,6023.0,126.762,126.762,1.32944,0.0616834,0.0616834
1782.0,TOI 1782,4336.0,121.303,121.303,0.668693,0.0560352,0.0560352
1785.0,TOI 1785,6264.0,192.0,192.0,2.87,0.13,0.13
1792.0,TOI 1792,5502.5,112.2,112.2,0.99,0.05,0.05
1783.0,TOI 1783,5406.0,128.465,128.465,0.984511,0.0541985,0.0541985
1794.0,TOI 1794,5707.0,115.695,115.695,1.29921,0.0613468,0.0613468
1798.0,TOI 1798,5165.2,103.5,103.5,0.784618,0.0392965,0.0392965
1799.0,TOI 1799,5690.0,122.747,122.747,0.956941,0.0464397,0.0464397
180.0,TOI 180,6082.0,193.0,193.0,2.0701201,0.0942464,0.0942464
1803.0,TOI 1803,4868.61,159.921,159.921,0.69,0.06,0.06
1812.0,TOI 1812,5059.36,146.23,146.23,0.738692,0.0529272,0.0529272
1825.0,TOI 1825,5450.0,99.5,99.5,1.01,0.05,0.05
182.0,TOI 182,5569.0,187.0,187.0,0.96,0.03,0.03
1822.0,TOI 1822,5637.7,139.1,139.1,1.71,0.1,0.1
1815.0,TOI 1815,6454.0,121.9,121.9,2.48,0.11,0.11
1829.0,TOI 1829,5565.0,123.891,123.891,1.02,0.05,0.05
1831.0,TOI 1831,6864.0,129.967,129.967,2.2681701,0.0954674,0.0954674
1832.0,TOI 1832,4652.0,127.88,127.88,0.78,0.06,0.06
1834.0,TOI 1834,5610.0,121.632,121.632,1.02,0.05,0.05
1835.0,TOI 1835,5297.0,107.552,107.552,0.782479,0.0380352,0.0380352
1836.0,TOI 1836,6351.0,118.9,118.9,1.61988,0.0676734,0.0676734
1839.0,TOI 1839,5382.69,146.214,146.214,0.848099,0.0548492,0.0548492
1846.0,TOI 1846,3512.0,157.0,157.0,0.411452,0.0121252,0.0121252
1845.0,TOI 1845,5271.0,124.2,124.2,0.943402,0.0535628,0.0535628
1851.0,TOI 1851,4567.0,123.0,123.0,0.76,,
1854.0,TOI 1854,4836.0,122.0,122.0,0.871731,,
1855.0,TOI 1855,5347.0,121.0,121.0,1.08,0.06,0.06
1866.0,TOI 1866,6728.0,125.0,125.0,1.92153,0.0863015,0.0863015
187.0,TOI 187,6725.0,201.0,201.0,1.55195,0.0616282,0.0616282
1868.0,TOI 1868,6016.0,127.5,127.5,1.56043,0.098877,0.098877
1870.0,TOI 1870,6511.0,126.6,126.6,1.43103,0.0962086,0.0962086
1872.0,TOI 1872,6305.2,383.5,383.5,1.57,,
1873.0,TOI 1873,5699.0,141.1,141.1,0.97,0.05,0.05
1875.0,TOI 1875,5817.0,128.5,128.5,1.25,0.06,0.06
1876.0,TOI 1876,6748.0,125.2,125.2,1.73025,0.0862312,0.0862312
1877.0,TOI 1877,6051.0,127.3,127.3,1.01,0.05,0.05
1878.0,TOI 1878,5976.0,131.5,131.5,1.06446,0.053701,0.053701
1879.0,TOI 1879,6531.0,126.2,126.2,1.49611,0.0684875,0.0684875
188.0,TOI 188,6340.3,204.0,204.0,1.66089,0.114533,0.114533
1880.0,TOI 1880,3631.4,504.9,504.9,0.556058,0.016711,0.016711
1881.0,TOI 1881,6564.4,178.0,178.0,1.47,0.06,0.06
1882.0,TOI 1882,8828.7,271.0,271.0,1.63132,0.0630352,0.0630352
1884.0,TOI 1884,5225.0,130.9,130.9,0.882285,0.0513769,0.0513769
1887.0,TOI 1887,4250.0,171.0,171.0,0.705729,0.0664121,0.0664121
1889.0,TOI 1889,4791.0,4675.9,4675.9,0.771805,0.0622764,0.0622764
189.0,TOI 189,6054.0,193.0,193.0,1.04092,0.0465778,0.0465778
1938.0,TOI 1938,6200.5,265.9,265.9,1.10563,0.0868842,0.0868842
1951.0,TOI 1951,5877.5,123.4,123.4,1.95583,0.0862714,0.0862714
1940.0,TOI 1940,5986.0,105.7,105.7,2.19052,0.110736,0.110736
1958.0,TOI 1958,4851.6,190.4,190.4,5.42,,
1960.0,TOI 1960,6466.2,149.8,149.8,3.28,0.13,0.13
1954.0,TOI 1954,7119.5,299.0,299.0,1.98083,0.0830704,0.0830704
1967.0,TOI 1967,5343.0,121.3,121.3,1.4990799,0.0729346,0.0729346
1968.0,TOI 1968,6535.3,317.7,317.7,1.55,,
196.0,TOI 196,6495.0,198.0,198.0,4.0595698,0.175,0.175
1972.0,TOI 1972,6105.1,328.2,328.2,1.48,0.07,0.07
1973.0,TOI 1973,5149.0,415.8,415.8,,,
1974.0,TOI 1974,5342.0,124.0,124.0,1.49,0.08,0.08
1986.0,TOI 1986,8613.8,1359.0,1359.0,,,
1994.0,TOI 1994,7369.0,219.0,219.0,2.22,0.07,0.07
1997.0,TOI 1997,6311.5,192.6,192.6,1.61,0.08,0.08
2001.0,TOI 2001,7896.3,247.0,247.0,3.9611499,0.166342,0.166342
201.0,TOI 201,6461.8,83.0,83.0,1.33031,0.0634748,0.0634748
2015.0,TOI 2015,3223.0,157.0,157.0,0.32,0.01,0.01
2016.0,TOI 2016,5175.0,128.9,128.9,0.84,0.05,0.05
202.0,TOI 202,4746.0,178.0,178.0,0.820258,,
2023.0,TOI 2023,4958.0,122.161,122.161,0.695992,0.0442211,0.0442211
2031.0,TOI 2031,6664.0,265.1,265.1,1.18444,0.0492463,0.0492463
2036.0,TOI 2036,6549.0,134.3,134.3,2.18,0.09,0.09
2037.0,TOI 2037,6319.0,123.0,123.0,1.19,0.05,0.05
2038.0,TOI 2038,6570.0,124.8,124.8,2.8,0.13,0.13
2040.0,TOI 2040,5019.0,166.0,166.0,0.92,0.06,0.06
2045.0,TOI 2045,6125.9,120.7,120.7,1.72,0.09,0.09
2043.0,TOI 2043,6178.0,254.9,254.9,1.23,0.06,0.06
2049.0,TOI 2049,6054.7,145.0,145.0,3.48,0.21,0.21
205.0,TOI 205,6222.5,83.0,83.0,1.45,0.07,0.07
2050.0,TOI 2050,5985.0,155.5,155.5,0.88,0.04,0.04
2056.0,TOI 2056,6748.7,121.0,121.0,1.72,0.07,0.07
2055.0,TOI 2055,6782.0,,,1.61,,
2067.0,TOI 2067,5491.0,126.682,126.682,0.88,0.05,0.05
2069.0,TOI 2069,5268.0,125.279,125.279,0.823126,0.0473618,0.0473618
2071.0,TOI 2071,5873.3,139.832,139.832,1.00286,0.0538995,0.0538995
2070.0,TOI 2070,5849.0,123.43,123.43,1.16353,0.0553267,0.0553267
2072.0,TOI 2072,3546.0,119.826,119.826,,,
2077.0,TOI 2077,5284.0,122.558,122.558,0.85,0.05,0.05
2079.0,TOI 2079,3577.0,157.0,157.0,0.480553,0.0140953,0.0140953
2081.0,TOI 2081,3742.0,157.0,157.0,0.515547,0.0153071,0.0153071
209.0,TOI 209,4892.0,179.0,179.0,0.742779,0.0504774,0.0504774
210.0,TOI 210,3275.0,,,0.330146,0.0099659,0.0099659
2101.0,TOI 2101,5619.0,133.1,133.1,0.997589,0.0532186,0.0532186
2102.0,TOI 2102,5292.0,125.791,125.791,0.807811,0.0452136,0.0452136
2103.0,TOI 2103,4884.0,123.5,123.5,0.799716,0.0531859,0.0531859
2104.0,TOI 2104,4907.0,121.6,121.6,0.72,0.05,0.05
211.0,TOI 211,5873.97,102.627,102.627,1.08871,,
212.0,TOI 212,3332.0,63.0,63.0,0.3,0.05,0.05
2121.0,TOI 2121,4325.66,44.2312,44.2312,0.628365,0.0575012,0.0575012
2112.0,TOI 2112,7184.0,121.9,121.9,1.58046,0.0573015,0.0573015
2123.0,TOI 2123,5432.0,127.165,127.165,0.843702,0.0455954,0.0455954
213.0,TOI 213,4566.4,64.0,64.0,0.67,0.05,0.05
2133.0,TOI 2133,4175.0,123.3,123.3,0.716312,0.0671683,0.0671683
2134.0,TOI 2134,4406.0,123.336,123.336,0.77,0.06,0.06
2142.0,TOI 2142,3472.0,157.0,157.0,0.363966,0.0108484,0.0108484
214.0,TOI 214,5346.2,141.5,141.5,0.8,0.05,0.05
2143.0,TOI 2143,7437.0,138.2,138.2,1.95,0.07,0.07
2159.0,TOI 2159,5844.0,126.4,126.4,1.41,0.07,0.07
2160.0,TOI 2160,6021.0,127.8,127.8,1.25,0.06,0.06
2166.0,TOI 2166,6515.0,121.0,121.0,1.99,0.09,0.09
2169.0,TOI 2169,6183.0,149.7,149.7,1.81,0.09,0.09
2170.0,TOI 2170,6018.0,138.2,138.2,1.12,0.05,0.05
2174.0,TOI 2174,6069.0,123.9,123.9,1.33,0.06,0.06
218.0,TOI 218,3146.0,,,0.284538,0.0085297,0.0085297
2181.0,TOI 2181,5574.0,121.3,121.3,0.91,0.04,0.04
2187.0,TOI 2187,5344.0,5585.9,5585.9,1.14,,
2192.0,TOI 2192,5262.0,5242.7,5242.7,1.12916,0.0613819,0.0613819
2195.0,TOI 2195,5101.7,5154.0,5154.0,0.933443,0.0508141,0.0508141
2200.0,TOI 2200,4983.6,34.8,34.8,0.83,0.05,0.05
2201.0,TOI 2201,6252.0,136.1,136.1,1.47,0.07,0.07
2205.0,TOI 2205,3653.0,157.0,157.0,0.649887,0.0207052,0.0207052
2208.0,TOI 2208,3228.0,157.0,157.0,0.321846,0.0108865,0.0108865
2210.0,TOI 2210,5077.7,5123.9,5123.9,0.836244,,
2211.0,TOI 2211,5253.0,123.391,123.391,0.834386,0.0474272,0.0474272
2214.0,TOI 2214,5727.0,5750.8,5750.8,,,
2217.0,TOI 2217,5916.0,5868.8,5868.8,1.3126301,0.0594222,0.0594222
2218.0,TOI 2218,6282.0,6442.8,6442.8,1.05,0.05,0.05
2219.0,TOI 2219,5161.7,5229.8,5229.8,1.3986,0.0649649,0.0649649
2220.0,TOI 2220,5615.0,271.6,271.6,1.2094899,0.0652513,0.0652513
2222.0,TOI 2222,6381.0,6543.8,6543.8,1.5,0.06,0.06
2225.0,TOI 2225,5823.3,5934.8,5934.8,,,
2226.0,TOI 2226,5828.0,5824.8,5824.8,1.36,0.06,0.06
2227.0,TOI 2227,5763.48,45.6,45.6,1.21,0.06,0.06
2238.0,TOI 2238,6113.8,107.4,107.4,1.43,0.06,0.06
2242.0,TOI 2242,6037.2,102.6,102.6,2.58,0.11,0.11
2245.0,TOI 2245,5042.0,59.3,59.3,1.51,0.07,0.07
2252.0,TOI 2252,6582.0,131.1,131.1,2.7841101,0.133789,0.133789
2256.0,TOI 2256,5270.9,,,0.813544,,
2255.0,TOI 2255,6049.0,,,1.25,,
2261.0,TOI 2261,5392.0,,,0.986402,,
2262.0,TOI 2262,6328.0,129.745,129.745,1.28,0.06,0.06
2265.0,TOI 2265,5951.67,,,1.52424,,
2266.0,TOI 2266,3244.0,157.0,157.0,0.261162,0.0078626,0.0078626
2267.0,TOI 2267,3022.0,157.0,157.0,0.242745,0.0079963,0.0079963
2268.0,TOI 2268,5910.35,101.985,101.985,1.13489,0.0462663,0.0462663
2269.0,TOI 2269,3872.0,157.0,157.0,0.548484,0.0161609,0.0161609
2274.0,TOI 2274,3943.0,157.0,157.0,0.63072,0.0185106,0.0185106
2278.0,TOI 2278,3412.0,157.0,157.0,0.32,0.01,0.01
2279.0,TOI 2279,4962.0,118.963,118.963,0.79,0.05,0.05
2282.0,TOI 2282,7020.0,168.077,168.077,1.84505,0.0738693,0.0738693
2287.0,TOI 2287,6037.0,121.613,121.613,1.20105,0.0548794,0.0548794
2288.0,TOI 2288,4066.0,130.915,130.915,0.605243,0.0581935,0.0581935
2290.0,TOI 2290,3863.0,157.0,157.0,0.566304,0.0169066,0.0169066
2291.0,TOI 2291,3869.0,157.0,157.0,0.475701,0.0139575,0.0139575
2292.0,TOI 2292,5781.0,137.012,137.012,1.0,0.05,0.05
2293.0,TOI 2293,3668.0,157.0,157.0,0.499376,0.0148842,0.0148842
2300.0,TOI 2300,5607.0,158.447,158.447,0.796892,0.0411759,0.0411759
2301.0,TOI 2301,6187.0,123.849,123.849,1.61,0.07,0.07
2307.0,TOI 2307,5465.0,5562.2,5562.2,1.285,0.0712462,0.0712462
2305.0,TOI 2305,5382.0,5385.2,5385.2,1.1659,0.0806182,0.0806182
2313.0,TOI 2313,5816.0,190.0,190.0,,,
2322.0,TOI 2322,4465.0,125.1,125.1,0.697547,0.0569246,0.0569246
2324.0,TOI 2324,6413.0,134.4,134.4,1.5,0.07,0.07
2329.0,TOI 2329,5424.0,282.9,282.9,1.33,0.08,0.08
233.0,TOI 233,3644.0,64.0,64.0,0.380272,0.0114291,0.0114291
2339.0,TOI 2339,5636.8,117.5,117.5,2.43731,0.12804,0.12804
2341.0,TOI 2341,3495.0,157.0,157.0,0.62,0.02,0.02
235.0,TOI 235,5454.42,77.327,77.327,,,
2353.0,TOI 2353,6510.3,121.0,121.0,1.97616,0.100824,0.100824
2363.0,TOI 2363,6510.0,127.8,127.8,1.81,0.08,0.08
2374.0,TOI 2374,4929.5,5084.0,5084.0,0.8,0.05,0.05
2367.0,TOI 2367,6046.0,123.0,123.0,1.08,0.06,0.06
2376.0,TOI 2376,5672.5,5842.7,5842.7,1.3954,0.0734145,0.0734145
2381.0,TOI 2381,5337.0,5302.6,5302.6,1.16636,0.058794,0.058794
2383.0,TOI 2383,5503.0,5569.7,5569.7,1.06,0.06,0.06
2382.0,TOI 2382,5884.5,5887.6,5887.6,1.52373,0.0900829,0.0900829
2385.0,TOI 2385,4367.6,4396.0,4396.0,1.02417,,
2387.0,TOI 2387,5859.8,6031.1,6031.1,1.1873699,0.071417,0.071417
2388.0,TOI 2388,,,,,,
2389.0,TOI 2389,5335.0,5331.2,5331.2,0.910484,,
2391.0,TOI 2391,5774.8,5809.4,5809.4,1.75826,0.100673,0.100673
2392.0,TOI 2392,6187.3,197.3,197.3,1.76,0.09,0.09
2402.0,TOI 2402,5519.0,127.0,127.0,0.97,0.05,0.05
2408.0,TOI 2408,4935.0,132.299,132.299,0.75,0.05,0.05
2401.0,TOI 2401,6294.0,132.5,132.5,3.1,0.14,0.14
2410.0,TOI 2410,4785.0,131.261,131.261,0.86,0.06,0.06
2415.0,TOI 2415,3558.0,157.0,157.0,0.617346,0.0203056,0.0203056
2429.0,TOI 2429,5517.8,142.9,142.9,0.842833,0.0515352,0.0515352
2431.0,TOI 2431,4079.0,126.0,126.0,0.68,0.07,0.07
2434.0,TOI 2434,9431.0,214.831,214.831,3.83824,0.143759,0.143759
2441.0,TOI 2441,3478.0,157.0,157.0,0.46769,0.0140024,0.0140024
2439.0,TOI 2439,5283.0,,,0.946146,,
2453.0,TOI 2453,3609.0,157.0,157.0,0.502498,0.0147592,0.0147592
245.0,TOI 245,6208.0,117.0,117.0,1.46,0.01,0.01
2455.0,TOI 2455,3553.0,157.0,157.0,0.489916,0.0150345,0.0150345
2460.0,TOI 2460,5994.0,122.381,122.381,1.03783,0.0476885,0.0476885
2463.0,TOI 2463,6481.0,130.437,130.437,3.2125199,0.142357,0.142357
2465.0,TOI 2465,6808.4,126.9,126.9,1.01507,0.0440855,0.0440855
2467.0,TOI 2467,4909.0,120.978,120.978,0.808741,0.05201,0.05201
2473.0,TOI 2473,6589.1,143.9,143.9,1.53,0.08,0.08
248.0,TOI 248,5711.7,57.0,57.0,1.12148,0.0520603,0.0520603
2481.0,TOI 2481,5567.0,137.1,137.1,0.86,0.05,0.05
2500.0,TOI 2500,7837.0,174.37,174.37,1.58,0.07,0.07
2496.0,TOI 2496,3273.0,157.0,157.0,0.579963,0.0180145,0.0180145
2501.0,TOI 2501,4066.0,128.471,128.471,0.658727,0.0671608,0.0671608
2504.0,TOI 2504,8389.0,191.997,191.997,1.69485,0.0669749,0.0669749
252.0,TOI 252,5071.0,181.0,181.0,0.874822,,
2527.0,TOI 2527,6919.0,258.9,258.9,3.45,0.39,0.39
253.0,TOI 253,4020.0,170.0,170.0,0.639371,0.0657085,0.0657085
2531.0,TOI 2531,5320.0,130.4,130.4,0.873132,0.048402,0.048402
2542.0,TOI 2542,5780.0,,,,,
2540.0,TOI 2540,4036.3,69.7,69.7,0.661076,0.0674925,0.0674925
2549.0,TOI 2549,8303.0,,,,,
2552.0,TOI 2552,4007.0,121.939,121.939,0.684741,0.0659925,0.0659925
2553.0,TOI 2553,5757.5,146.0,146.0,1.02264,0.0460553,0.0460553
2557.0,TOI 2557,6683.6,129.7,129.7,2.86532,0.150535,0.150535
2561.0,TOI 2561,5905.0,181.5,181.5,1.62,0.09,0.09
2566.0,TOI 2566,4927.6,108.4,108.4,0.816613,,
2574.0,TOI 2574,6734.0,131.5,131.5,1.25,0.06,0.06
2562.0,TOI 2562,6054.0,133.7,133.7,1.24,0.06,0.06
2582.0,TOI 2582,5238.0,,,0.93,,
2584.0,TOI 2584,6502.7,102.7,102.7,1.43,0.07,0.07
2609.0,TOI 2609,5979.0,132.773,132.773,1.23369,0.0626005,0.0626005
2601.0,TOI 2601,7668.0,,,1.93,,
2603.0,TOI 2603,3947.0,157.0,157.0,0.594491,0.0222335,0.0222335
260.0,TOI 260,4111.0,171.0,171.0,0.618173,0.0598643,0.0598643
261.0,TOI 261,5890.3,57.0,57.0,1.28018,0.0545025,0.0545025
2612.0,TOI 2612,6636.1,780.6,780.6,1.12,0.27,0.27
2614.0,TOI 2614,5860.3,5952.3,5952.3,,,
2625.0,TOI 2625,5876.0,178.7,178.7,,,
2621.0,TOI 2621,6190.0,122.0,122.0,1.22,,
2636.0,TOI 2636,7176.0,1003.8,1003.8,1.90224,,
2630.0,TOI 2630,6125.1,475.0,475.0,1.88,,
2635.0,TOI 2635,6502.0,138.8,138.8,2.8327301,0.138166,0.138166
2637.0,TOI 2637,5780.0,,,,,
2646.0,TOI 2646,5202.0,122.0,122.0,0.84,,
2640.0,TOI 2640,2999.0,157.0,157.0,0.274907,0.0089431,0.0089431
2647.0,TOI 2647,5270.0,122.0,122.0,1.33222,,
2648.0,TOI 2648,5904.3,78.7,78.7,1.2413,,
2650.0,TOI 2650,5913.0,122.0,122.0,1.37479,,
2653.0,TOI 2653,6317.3,389.9,389.9,,,
271.0,TOI 271,6025.0,192.0,192.0,1.33012,,
2670.0,TOI 2670,6332.0,,,1.39271,,
268.0,TOI 268,5868.0,190.0,190.0,2.17,0.449728,0.449728
2739.0,TOI 2739,5102.2,127.3,127.3,0.7,0.05,0.05
275.0,TOI 275,5616.0,187.0,187.0,0.82,0.04,0.04
2782.0,TOI 2782,5250.0,190.3,190.3,,,
2784.0,TOI 2784,5784.0,638.4,638.4,1.09,0.06,0.06
2787.0,TOI 2787,5139.0,122.0,122.0,2.5,,
280.0,TOI 280,5454.0,185.0,185.0,0.782681,0.0388894,0.0388894
2800.0,TOI 2800,5504.0,108.8,108.8,1.17,0.05,0.05
2807.0,TOI 2807,5645.0,132.0,132.0,1.14,0.06,0.06
2804.0,TOI 2804,5913.9,149.1,149.1,1.50621,0.0848141,0.0848141
281.0,TOI 281,6002.18,42.1958,42.1958,1.52031,0.063402,0.063402
2810.0,TOI 2810,5910.0,120.9,120.9,1.05,0.05,0.05
2813.0,TOI 2813,9162.0,197.4,197.4,1.39742,0.052098,0.052098
2814.0,TOI 2814,6332.7,327.3,327.3,1.5307699,0.0653969,0.0653969
2836.0,TOI 2836,6434.3,88.9,88.9,1.19,0.05,0.05
2837.0,TOI 2837,4841.5,202.0,202.0,,,
2841.0,TOI 2841,9394.0,196.8,196.8,1.92,0.07,0.07
2846.0,TOI 2846,6718.0,122.0,122.0,1.34,,
286.0,TOI 286,5245.0,183.0,183.0,0.79,0.05,0.05
2867.0,TOI 2867,5904.0,122.0,122.0,1.65,,
2872.0,TOI 2872,11632.0,397.3,397.3,1.95,0.07,0.07
2893.0,TOI 2893,5467.0,122.0,122.0,0.96,,
2888.0,TOI 2888,9307.0,941.6,941.6,,,
2896.0,TOI 2896,5434.0,122.0,122.0,3.36,,
2899.0,TOI 2899,5881.0,122.0,122.0,1.83,,
2900.0,TOI 2900,4649.5,462.2,462.2,,,
2898.0,TOI 2898,7186.0,122.0,122.0,1.71382,,
2901.0,TOI 2901,8097.0,145.3,145.3,1.72,0.07,0.07
2905.0,TOI 2905,5163.2,1170.8,1170.8,,,
2911.0,TOI 2911,4430.1,200.9,200.9,0.77,0.07,0.07
2921.0,TOI 2921,6302.0,128.3,128.3,1.25,0.06,0.06
2917.0,TOI 2917,4976.0,217.5,217.5,,,
2923.0,TOI 2923,6153.0,136.1,136.1,1.25,0.06,0.06
2927.0,TOI 2927,7019.0,122.0,122.0,1.22,,
2926.0,TOI 2926,6632.0,122.0,122.0,1.92,,
2928.0,TOI 2928,6910.0,135.3,135.3,1.3,0.06,0.06
1741.0,TOI 1741,4324.0,126.843,126.843,0.61,0.05,0.05
2929.0,TOI 2929,5773.0,122.0,122.0,0.89,,
2946.0,TOI 2946,4394.0,124.2,124.2,0.72,0.06,0.06
2949.0,TOI 2949,5945.0,122.0,122.0,1.06,,
2948.0,TOI 2948,,,,1.18,0.11,0.11
2954.0,TOI 2954,12745.0,135.0,135.0,,,
2961.0,TOI 2961,7388.0,141.8,141.8,1.44,0.07,0.07
2962.0,TOI 2962,4881.0,90.5,90.5,2.79,0.1,0.1
298.0,TOI 298,6273.0,134.7,134.7,1.67606,0.0840226,0.0840226
2968.0,TOI 2968,5195.1,244.4,244.4,,,
2984.0,TOI 2984,4935.8,113.1,113.1,0.75,0.05,0.05
3002.0,TOI 3002,4978.0,83.8,83.8,1.47,0.05,0.05
301.0,TOI 301,6048.0,127.9,127.9,1.7045799,0.0865728,0.0865728
3016.0,TOI 3016,6451.0,122.0,122.0,1.49,,
3019.0,TOI 3019,5950.0,122.0,122.0,1.0,,
3011.0,TOI 3011,5952.0,528.0,528.0,,,
3025.0,TOI 3025,5823.0,122.0,122.0,1.42,,
3026.0,TOI 3026,6002.0,132.1,132.1,1.13,0.05,0.05
3031.0,TOI 3031,5709.0,149.8,149.8,0.94,0.05,0.05
3034.0,TOI 3034,5649.5,217.3,217.3,,,
3029.0,TOI 3029,3600.5,257.0,257.0,,,
3041.0,TOI 3041,6267.7,120.8,120.8,1.84,0.09,0.09
3040.0,TOI 3040,6026.0,128.6,128.6,1.19,0.05,0.05
3042.0,TOI 3042,6277.0,504.8,504.8,,,
3048.0,TOI 3048,,,,,,
3045.0,TOI 3045,7763.0,136.3,136.3,1.77,0.07,0.07
3053.0,TOI 3053,5247.0,138.0,138.0,1.01,0.06,0.06
3054.0,TOI 3054,6412.2,432.4,432.4,1.16,0.15,0.15
3058.0,TOI 3058,6155.0,129.1,129.1,1.82,0.09,0.09
305.0,TOI 305,5852.0,135.0,135.0,1.65,0.08,0.08
3070.0,TOI 3070,6520.0,122.0,122.0,2.41,,
3063.0,TOI 3063,,,,,,
3065.0,TOI 3065,9626.0,125.0,125.0,1.35,,
3075.0,TOI 3075,5982.0,126.0,126.0,1.72,0.08,0.08
3079.0,TOI 3079,,,,,,
3076.0,TOI 3076,14677.0,166.0,166.0,,,
308.0,TOI 308,4801.3,259.3,259.3,0.85,0.09,0.09
3087.0,TOI 3087,6920.0,403.9,403.9,,,
3091.0,TOI 3091,10146.0,215.1,215.1,1.77,0.07,0.07
3080.0,TOI 3080,6993.0,122.0,122.0,1.7,,
3097.0,TOI 3097,5000.0,400.2,400.2,0.89,0.15,0.15
3092.0,TOI 3092,6273.0,129.7,129.7,0.93,0.04,0.04
3103.0,TOI 3103,6513.0,134.0,134.0,1.32,0.06,0.06
3105.0,TOI 3105,6068.0,128.5,128.5,1.1,0.06,0.06
3106.0,TOI 3106,5506.2,,,1.28,,
311.0,TOI 311,4062.7,135.5,135.5,0.95,0.1,0.1
312.0,TOI 312,5755.0,126.7,126.7,1.28259,0.0676131,0.0676131
3116.0,TOI 3116,6316.0,134.2,134.2,1.5764199,0.0917839,0.0917839
3124.0,TOI 3124,5567.0,127.2,127.2,1.25,0.06,0.06
314.0,TOI 314,4822.0,121.8,121.8,0.78,0.05,0.05
3150.0,TOI 3150,7822.0,171.3,171.3,2.15,0.11,0.11
3151.0,TOI 3151,7235.0,134.5,134.5,1.27,0.05,0.05
3156.0,TOI 3156,5132.0,122.0,122.0,1.04,,
3160.0,TOI 3160,6200.0,124.7,124.7,1.62,0.12,0.12
316.0,TOI 316,4312.0,103.3,103.3,0.84,0.04,0.04
3166.0,TOI 3166,6263.0,827.7,827.7,,,
3161.0,TOI 3161,7014.0,147.2,147.2,1.52,0.09,0.09
317.0,TOI 317,5391.0,127.5,127.5,0.947585,0.052789,0.052789
3189.0,TOI 3189,6320.0,122.0,122.0,1.37,,
3192.0,TOI 3192,7057.0,135.5,135.5,1.51,0.06,0.06
3193.0,TOI 3193,5322.0,234.9,234.9,,,
3204.0,TOI 3204,5172.7,192.5,192.5,,,
3203.0,TOI 3203,6915.0,133.3,133.3,1.52,0.11,0.11
3214.0,TOI 3214,5992.0,133.6,133.6,1.31,0.07,0.07
3215.0,TOI 3215,,,,,,
3213.0,TOI 3213,3931.6,225.1,225.1,,,
322.0,TOI 322,5868.2,,,2.76442,,
3224.0,TOI 3224,6084.0,122.0,122.0,1.48,,
3223.0,TOI 3223,3905.6,236.5,236.5,,,
3229.0,TOI 3229,8532.0,122.0,122.0,2.06,,
3237.0,TOI 3237,6678.0,123.0,123.0,1.49,,
3232.0,TOI 3232,6096.0,128.6,128.6,3.13,0.15,0.15
3243.0,TOI 3243,6386.3,144.6,144.6,1.42,0.06,0.06
324.0,TOI 324,6113.0,122.0,122.0,1.2729501,,
3248.0,TOI 3248,5544.0,130.5,130.5,1.32,0.07,0.07
3258.0,TOI 3258,4508.0,211.0,211.0,,,
3262.0,TOI 3262,5953.0,125.8,125.8,1.10769,0.0572663,0.0572663
3259.0,TOI 3259,5629.0,133.5,133.5,0.9,0.05,0.05
3252.0,TOI 3252,5042.0,124.9,124.9,0.87,0.05,0.05
3268.0,TOI 3268,5293.0,135.2,135.2,1.02,0.06,0.06
3270.0,TOI 3270,4899.8,76.1,76.1,,,
3283.0,TOI 3283,5983.0,126.1,126.1,1.21,0.06,0.06
3272.0,TOI 3272,5197.0,123.0,123.0,1.37,,
3285.0,TOI 3285,5969.0,137.3,137.3,1.43,0.07,0.07
3299.0,TOI 3299,5121.0,122.0,122.0,0.8,,
3300.0,TOI 3300,5918.0,124.6,124.6,1.75,0.08,0.08
3320.0,TOI 3320,6693.0,113.7,113.7,1.89,0.1,0.1
330.0,TOI 330,4314.0,123.7,123.7,0.703041,0.061892,0.061892
3314.0,TOI 3314,5355.0,139.3,139.3,1.37,0.07,0.07
3322.0,TOI 3322,6307.0,130.1,130.1,2.53,0.21,0.21
3344.0,TOI 3344,5488.0,139.9,139.9,1.29,0.07,0.07
3353.0,TOI 3353,6365.0,197.0,197.0,1.02,0.05,0.05
3378.0,TOI 3378,5320.0,103.6,103.6,2.6926401,0.118834,0.118834
3352.0,TOI 3352,5598.0,127.2,127.2,1.96,0.1,0.1
3380.0,TOI 3380,8516.0,,,2.19,,
3395.0,TOI 3395,5769.7,538.4,538.4,,,
3394.0,TOI 3394,6715.0,139.4,139.4,1.43,0.06,0.06
340.0,TOI 340,5829.0,242.2,242.2,,,
3404.0,TOI 3404,6255.0,135.8,135.8,1.01,0.05,0.05
3421.0,TOI 3421,7132.0,123.0,123.0,2.14,,
3441.0,TOI 3441,5763.8,81.5,81.5,1.18,,
3445.0,TOI 3445,4790.0,128.0,128.0,1.24,0.09,0.09
3446.0,TOI 3446,5378.5,424.7,424.7,,,
3449.0,TOI 3449,6341.2,114.6,114.6,1.69,0.08,0.08
344.0,TOI 344,6149.0,126.6,126.6,1.0793999,0.0536482,0.0536482
3458.0,TOI 3458,5056.0,126.7,126.7,0.87,0.05,0.05
3460.0,TOI 3460,5978.9,104.1,104.1,2.22,0.1,0.1
3463.0,TOI 3463,,,,,,
3470.0,TOI 3470,5823.0,130.0,130.0,1.35,,
3478.0,TOI 3478,6078.0,130.7,130.7,1.53,0.08,0.08
3483.0,TOI 3483,5881.0,126.4,126.4,1.81,0.09,0.09
3484.0,TOI 3484,6195.0,133.7,133.7,1.81,0.09,0.09
3494.0,TOI 3494,3230.0,157.0,157.0,0.307821,0.0091862,0.0091862
3495.0,TOI 3495,6529.0,133.469,133.469,1.92409,0.0838945,0.0838945
350.0,TOI 350,5635.0,280.6,280.6,0.85,0.04,0.04
3500.0,TOI 3500,5406.0,131.891,131.891,1.0980901,0.060603,0.060603
3493.0,TOI 3493,5860.0,126.031,126.031,1.2115099,0.0594473,0.0594473
3502.0,TOI 3502,7853.0,136.501,136.501,1.5443701,0.0501257,0.0501257
3503.0,TOI 3503,8405.0,154.635,154.635,1.78789,0.0550854,0.0550854
3506.0,TOI 3506,5554.0,141.2,141.2,1.18466,0.0600377,0.0600377
3509.0,TOI 3509,4916.0,101.1,101.1,,,
3513.0,TOI 3513,7717.5,20.6,20.6,2.14,0.12,0.12
3515.0,TOI 3515,5814.1,,,1.3,,
3527.0,TOI 3527,5889.0,153.7,153.7,2.4012699,0.124875,0.124875
3531.0,TOI 3531,6674.0,343.5,343.5,1.58842,0.0715879,0.0715879
3532.0,TOI 3532,4908.5,42.5,42.5,,,
3538.0,TOI 3538,6353.0,122.0,122.0,1.58,,
3535.0,TOI 3535,,,,,,
354.0,TOI 354,5767.0,121.0,121.0,1.41,0.07,0.07
3545.0,TOI 3545,6578.0,161.6,161.6,1.64157,0.071583,0.071583
3546.0,TOI 3546,6111.0,144.1,144.1,1.27,0.06,0.06
355.0,TOI 355,6049.0,134.5,134.5,1.3164999,0.0655226,0.0655226
3549.0,TOI 3549,6527.4,135.7,135.7,1.57,0.09,0.09
3555.0,TOI 3555,5947.6,654.6,654.6,0.73,0.16,0.16
3558.0,TOI 3558,5866.0,122.0,122.0,1.34,,
3559.0,TOI 3559,9339.0,256.5,256.5,1.5968,0.0536608,0.0536608
356.0,TOI 356,5499.0,122.0,122.0,1.5989701,,
3560.0,TOI 3560,6381.0,130.2,130.2,1.29,0.06,0.06
3569.0,TOI 3569,6157.0,,,1.3,,
3570.0,TOI 3570,10984.0,130.0,130.0,1.35,,
3583.0,TOI 3583,3882.0,201.0,201.0,,,
3577.0,TOI 3577,5938.0,145.3,145.3,1.6,0.08,0.08
3584.0,TOI 3584,,,,,,
3598.0,TOI 3598,6282.0,136.3,136.3,1.5,0.07,0.07
3586.0,TOI 3586,4971.0,143.0,143.0,0.74,0.05,0.05
3600.0,TOI 3600,6616.0,150.7,150.7,1.83,0.08,0.08
3603.0,TOI 3603,5303.0,124.0,124.0,0.9,,
3604.0,TOI 3604,4893.1,28.6,28.6,,,
3605.0,TOI 3605,6321.0,134.0,134.0,1.56,0.07,0.07
3609.0,TOI 3609,5519.0,246.3,246.3,1.17,0.06,0.06
3607.0,TOI 3607,,,,,,
361.0,TOI 361,4215.0,87.4,87.4,0.744573,0.0762965,0.0762965
3622.0,TOI 3622,5688.6,51.7,51.7,1.3,,
3606.0,TOI 3606,3979.0,137.3,137.3,,,
3624.0,TOI 3624,6065.0,127.9,127.9,1.49,0.07,0.07
3633.0,TOI 3633,7233.0,169.6,169.6,3.6,0.44,0.44
364.0,TOI 364,6219.7,,,1.33,,
3641.0,TOI 3641,5668.6,621.2,621.2,,,
3656.0,TOI 3656,5587.5,119.3,119.3,1.18,,
3652.0,TOI 3652,6841.0,164.6,164.6,2.97,0.16,0.16
3637.0,TOI 3637,5579.5,226.8,226.8,,,
3682.0,TOI 3682,5501.0,124.7,124.7,1.91,0.1,0.1
369.0,TOI 369,,,,,,
3690.0,TOI 3690,4798.6,106.2,106.2,0.97,0.08,0.08
3692.0,TOI 3692,5218.2,262.2,262.2,,,
3697.0,TOI 3697,5252.0,129.3,129.3,1.37,0.09,0.09
3686.0,TOI 3686,5262.0,159.8,159.8,1.24347,0.0743216,0.0743216
3708.0,TOI 3708,5400.0,277.5,277.5,1.13,0.06,0.06
3712.0,TOI 3712,4654.3,230.0,230.0,0.8,0.08,0.08
3713.0,TOI 3713,4571.1,148.6,148.6,0.89,0.09,0.09
3731.0,TOI 3731,6294.0,,,1.37,,
3732.0,TOI 3732,6633.2,117.8,117.8,2.35,0.12,0.12
3723.0,TOI 3723,6518.1,61.2,61.2,1.22,,
3735.0,TOI 3735,6245.0,106.5,106.5,1.0157599,0.102229,0.102229
3738.0,TOI 3738,6806.6,143.8,143.8,1.75577,0.132995,0.132995
3734.0,TOI 3734,4880.9,76.5,76.5,,,
375.0,TOI 375,5001.6,76.0,76.0,3.2739301,,
3755.0,TOI 3755,5354.0,315.4,315.4,1.07607,0.06451,0.06451
3769.0,TOI 3769,6650.0,181.1,181.1,1.7,0.07,0.07
3775.0,TOI 3775,5915.0,122.0,122.0,1.13,,
3779.0,TOI 3779,,,,,,
3791.0,TOI 3791,6405.0,201.7,201.7,1.39,0.06,0.06
3760.0,TOI 3760,4852.0,249.9,249.9,,,
3801.0,TOI 3801,5565.6,106.7,106.7,1.04333,0.0518216,0.0518216
3812.0,TOI 3812,5382.2,108.6,108.6,0.89315,0.0444924,0.0444924
3814.0,TOI 3814,5914.0,126.5,126.5,1.43625,0.0691508,0.0691508
3813.0,TOI 3813,6268.0,122.0,122.0,1.23586,,
3816.0,TOI 3816,6180.0,122.0,122.0,1.14,,
3771.0,TOI 3771,6717.3,33.1,33.1,1.39527,,
3821.0,TOI 3821,7054.0,122.0,122.0,2.1075301,,
3837.0,TOI 3837,5773.9,138.7,138.7,1.21,0.07,0.07
3847.0,TOI 3847,5623.0,127.5,127.5,1.06,0.05,0.05
3850.0,TOI 3850,6039.0,125.5,125.5,1.02,0.05,0.05
386.0,TOI 386,8562.0,152.5,152.5,2.67,0.09,0.09
3851.0,TOI 3851,5838.0,126.8,126.8,1.23,0.06,0.06
3860.0,TOI 3860,6331.0,122.0,122.0,1.21,,
3865.0,TOI 3865,5542.1,129.7,129.7,,,
3862.0,TOI 3862,5564.4,378.8,378.8,0.93,0.05,0.05
3870.0,TOI 3870,5933.0,117.0,117.0,1.35,0.06,0.06
3866.0,TOI 3866,5570.0,83.2,83.2,1.03,,
3873.0,TOI 3873,6071.0,130.8,130.8,1.48,0.07,0.07
3875.0,TOI 3875,5579.0,126.1,126.1,1.22,0.06,0.06
3882.0,TOI 3882,6004.0,128.1,128.1,1.44,0.07,0.07
3886.0,TOI 3886,5622.1,384.3,384.3,,,
3901.0,TOI 3901,5834.0,122.0,122.0,0.91,,
3897.0,TOI 3897,5911.7,690.4,690.4,1.19,,
3899.0,TOI 3899,5522.5,144.8,144.8,0.92,0.06,0.06
3902.0,TOI 3902,5464.2,26.9,26.9,0.97,,
3903.0,TOI 3903,5296.6,30.6,30.6,0.96,,
3904.0,TOI 3904,6297.0,120.2,120.2,1.24,0.05,0.05
3913.0,TOI 3913,4180.4,124.0,124.0,0.83,0.08,0.08
3923.0,TOI 3923,4964.3,78.6,78.6,,,
3929.0,TOI 3929,5695.0,122.0,122.0,1.52,,
3918.0,TOI 3918,5236.0,122.0,122.0,1.35,,
392.0,TOI 392,5624.7,74.5,74.5,1.44029,0.0751583,0.0751583
3930.0,TOI 3930,4885.4,54.2,54.2,,,
3933.0,TOI 3933,8523.0,123.0,123.0,2.46,,
3932.0,TOI 3932,6285.0,229.2,229.2,2.76,0.13,0.13
394.0,TOI 394,6216.1,120.4,120.4,2.25,0.09,0.09
3940.0,TOI 3940,4315.0,122.0,122.0,0.71,,
3941.0,TOI 3941,6137.0,133.7,133.7,1.38,0.06,0.06
3943.0,TOI 3943,5607.0,191.5,191.5,2.27,0.12,0.12
3942.0,TOI 3942,6413.0,155.6,155.6,1.5486799,0.0699498,0.0699498
3953.0,TOI 3953,5734.9,264.3,264.3,,,
3952.0,TOI 3952,6786.0,332.8,332.8,1.57,0.07,0.07
3958.0,TOI 3958,6362.0,193.3,193.3,1.40388,0.0664824,0.0664824
3956.0,TOI 3956,5227.0,122.0,122.0,0.9,,
3960.0,TOI 3960,5521.0,122.0,122.0,0.97,,
3965.0,TOI 3965,7220.0,152.6,152.6,2.15,0.09,0.09
3969.0,TOI 3969,5371.2,266.3,266.3,,,
3970.0,TOI 3970,5647.0,122.0,122.0,1.51,,
3982.0,TOI 3982,7469.0,143.4,143.4,2.3,0.1,0.1
3991.0,TOI 3991,4827.0,122.0,122.0,4.7,,
3988.0,TOI 3988,6334.0,394.2,394.2,2.17,0.11,0.11
3993.0,TOI 3993,6424.0,,,1.4399,,
4003.0,TOI 4003,6647.0,146.7,146.7,1.4,0.06,0.06
3992.0,TOI 3992,5324.0,314.0,314.0,,,
4009.0,TOI 4009,5994.0,151.8,151.8,1.91,0.09,0.09
4004.0,TOI 4004,4930.3,133.5,133.5,0.76,0.04,0.04
4013.0,TOI 4013,5407.0,122.0,122.0,2.42,,
4014.0,TOI 4014,5863.0,122.0,122.0,0.98,,
4021.0,TOI 4021,6429.0,195.1,195.1,2.07,0.09,0.09
4017.0,TOI 4017,4892.0,122.0,122.0,1.88,,
4024.0,TOI 4024,5842.0,122.0,122.0,1.9,,
4023.0,TOI 4023,4841.6,165.3,165.3,,,
4030.0,TOI 4030,5574.0,122.0,122.0,0.99,,
4028.0,TOI 4028,5963.0,122.0,122.0,1.22,,
4029.0,TOI 4029,5712.4,108.5,108.5,1.18,0.05,0.05
4031.0,TOI 4031,5637.9,89.8,89.8,0.945159,,
4039.0,TOI 4039,5777.0,122.1,122.1,1.05,0.05,0.05
4040.0,TOI 4040,5446.0,132.8,132.8,0.835627,0.0471859,0.0471859
4038.0,TOI 4038,5671.0,122.0,122.0,1.45,,
4047.0,TOI 4047,8103.0,122.0,122.0,1.77,,
4050.0,TOI 4050,5966.0,122.0,122.0,1.58,,
4056.0,TOI 4056,6328.9,138.5,138.5,1.55,0.08,0.08
4055.0,TOI 4055,5675.0,122.0,122.0,1.04,,
4057.0,TOI 4057,5702.0,122.0,122.0,0.98,,
4059.0,TOI 4059,4928.0,122.0,122.0,0.82,,
4058.0,TOI 4058,4871.9,163.9,163.9,,,
4062.0,TOI 4062,5332.0,122.0,122.0,1.06,,
4069.0,TOI 4069,5366.0,122.0,122.0,0.93,,
4076.0,TOI 4076,5957.0,131.6,131.6,1.23,0.06,0.06
4070.0,TOI 4070,5229.0,122.0,122.0,0.89,,
407.0,TOI 407,5830.0,333.4,333.4,1.86,0.09,0.09
4077.0,TOI 4077,4887.0,121.1,121.1,0.801525,0.0517186,0.0517186
4078.0,TOI 4078,6323.0,503.7,503.7,,,
4080.0,TOI 4080,5389.0,122.0,122.0,0.97,,
4079.0,TOI 4079,6178.0,242.9,242.9,1.08,0.05,0.05
4082.0,TOI 4082,5972.0,276.8,276.8,1.34,0.07,0.07
4085.0,TOI 4085,5257.0,131.4,131.4,1.02586,0.0596382,0.0596382
4086.0,TOI 4086,5783.0,123.1,123.1,1.66513,0.0806784,0.0806784
4089.0,TOI 4089,5895.5,,,1.06,,
4088.0,TOI 4088,5686.0,130.8,130.8,1.21,0.06,0.06
4092.0,TOI 4092,5667.0,132.5,132.5,1.41,0.08,0.08
4090.0,TOI 4090,4740.0,124.5,124.5,0.82,0.06,0.06
4093.0,TOI 4093,5388.0,129.8,129.8,0.79,0.04,0.04
4094.0,TOI 4094,6186.0,325.3,325.3,1.2372299,0.0571608,0.0571608
4095.0,TOI 4095,5737.0,105.0,105.0,1.09,0.05,0.05
4097.0,TOI 4097,5636.0,127.9,127.9,0.82,0.04,0.04
4096.0,TOI 4096,5053.0,125.6,125.6,0.9,0.06,0.06
4099.0,TOI 4099,4836.0,120.5,120.5,0.73,0.05,0.05
4100.0,TOI 4100,6195.0,399.3,399.3,,,
4101.0,TOI 4101,6287.0,260.4,260.4,,,
4103.0,TOI 4103,5674.0,129.2,129.2,1.05,0.05,0.05
4105.0,TOI 4105,5845.0,128.4,128.4,2.25,0.11,0.11
4107.0,TOI 4107,4003.0,124.1,124.1,0.66,0.07,0.07
4108.0,TOI 4108,5834.0,131.8,131.8,1.93,0.1,0.1
4109.0,TOI 4109,4103.0,122.6,122.6,0.65,0.06,0.06
4111.0,TOI 4111,5596.0,129.8,129.8,1.39,0.07,0.07
4114.0,TOI 4114,4080.0,126.3,126.3,0.692076,0.0688216,0.0688216
4118.0,TOI 4118,5855.0,129.3,129.3,1.21,0.06,0.06
4119.0,TOI 4119,4950.0,126.7,126.7,1.18,0.08,0.08
4120.0,TOI 4120,5828.0,129.6,129.6,1.77,0.09,0.09
4123.0,TOI 4123,5375.0,122.2,122.2,0.847241,0.0460552,0.0460552
4128.0,TOI 4128,5275.0,130.6,130.6,0.92,0.06,0.06
4129.0,TOI 4129,4279.0,107.4,107.4,0.75,0.06,0.06
4147.0,TOI 4147,5865.0,129.4,129.4,1.3,0.06,0.06
4149.0,TOI 4149,5037.0,143.4,143.4,0.91,0.06,0.06
4132.0,TOI 4132,5801.0,106.5,106.5,1.69397,0.0847436,0.0847436
4151.0,TOI 4151,6906.0,97.0,97.0,2.16,0.1,0.1
4131.0,TOI 4131,5263.0,129.6,129.6,0.94,0.05,0.05
4156.0,TOI 4156,5986.0,132.4,132.4,1.04,0.05,0.05
4155.0,TOI 4155,6142.0,389.6,389.6,0.95,0.05,0.05
4154.0,TOI 4154,6320.0,131.8,131.8,1.99,0.09,0.09
4159.0,TOI 4159,5815.0,126.8,126.8,1.92,0.1,0.1
4161.0,TOI 4161,7409.0,121.8,121.8,2.1503201,0.0938592,0.0938592
4164.0,TOI 4164,5952.0,353.9,353.9,1.39,0.17,0.17
4162.0,TOI 4162,6013.0,130.7,130.7,2.05,0.1,0.1
4165.0,TOI 4165,5463.0,121.4,121.4,1.00007,0.0520905,0.0520905
4166.0,TOI 4166,5604.0,144.5,144.5,0.96,0.05,0.05
4169.0,TOI 4169,5661.0,125.0,125.0,2.18,0.11,0.11
4171.0,TOI 4171,5133.0,123.2,123.2,0.81,0.05,0.05
4176.0,TOI 4176,7423.0,131.128,131.128,2.43,0.1,0.1
4172.0,TOI 4172,4996.0,127.2,127.2,0.79,0.05,0.05
4177.0,TOI 4177,7042.0,125.8,125.8,2.13,0.1,0.1
4173.0,TOI 4173,5921.0,128.9,128.9,0.97,0.05,0.05
4180.0,TOI 4180,7511.0,212.0,212.0,1.92067,0.0697889,0.0697889
4186.0,TOI 4186,5639.0,188.0,188.0,0.88,0.05,0.05
422.0,TOI 422,5999.0,127.0,127.0,1.34655,0.0635125,0.0635125
4220.0,TOI 4220,7246.0,253.3,253.3,,,
4241.0,TOI 4241,5412.6,222.9,222.9,1.08,0.08,0.08
4242.0,TOI 4242,5967.0,135.6,135.6,1.59436,0.105422,0.105422
4246.0,TOI 4246,6126.0,129.1,129.1,1.11324,0.049598,0.049598
4248.0,TOI 4248,5936.0,70.8,70.8,2.09,0.1,0.1
4244.0,TOI 4244,6310.3,203.4,203.4,1.61,0.1,0.1
4249.0,TOI 4249,4360.5,271.1,271.1,2.12,0.25,0.25
4254.0,TOI 4254,6416.0,137.0,137.0,2.11854,0.0956183,0.0956183
426.0,TOI 426,5731.0,123.9,123.9,0.98926,0.046402,0.046402
4262.0,TOI 4262,6613.0,131.6,131.6,1.2860301,0.0554572,0.0554572
4264.0,TOI 4264,7606.3,128.2,128.2,1.01,0.03,0.03
4265.0,TOI 4265,5895.0,127.7,127.7,1.53,0.07,0.07
4271.0,TOI 4271,5829.0,81.6,81.6,,,
4277.0,TOI 4277,5976.0,123.0,123.0,1.27,,
4274.0,TOI 4274,8878.0,123.0,123.0,1.7,,
4287.0,TOI 4287,6387.0,129.7,129.7,1.86,0.08,0.08
4288.0,TOI 4288,5036.0,122.0,122.0,0.82,,
428.0,TOI 428,5713.0,70.2,70.2,2.35,0.12,0.12
4307.0,TOI 4307,6079.16,43.8376,43.8376,1.09843,0.0429949,0.0429949
4291.0,TOI 4291,6029.0,122.0,122.0,1.28,,
4313.0,TOI 4313,5781.0,129.08,129.08,2.0587699,0.0972059,0.0972059
4289.0,TOI 4289,6025.0,134.3,134.3,2.18,0.11,0.11
4315.0,TOI 4315,5809.0,190.0,190.0,0.914215,0.0492286,0.0492286
4311.0,TOI 4311,5159.0,123.858,123.858,0.850729,0.0504723,0.0504723
4322.0,TOI 4322,5914.2,121.77,121.77,1.20531,0.0582413,0.0582413
4324.0,TOI 4324,3479.0,157.0,157.0,0.395397,0.0119085,0.0119085
4325.0,TOI 4325,3896.0,147.0,147.0,0.454049,0.0138638,0.0138638
4327.0,TOI 4327,3672.0,157.0,157.0,0.57,0.02,0.02
4330.0,TOI 4330,4886.0,122.0,122.0,8.71,,
4333.0,TOI 4333,6606.0,132.9,132.9,1.7521,0.107299,0.107299
4338.0,TOI 4338,4979.2,88.5,88.5,1.90969,0.113688,0.113688
435.0,TOI 435,3978.0,165.0,165.0,0.672832,0.0658292,0.0658292
4343.0,TOI 4343,6112.0,130.898,130.898,0.901955,0.0413141,0.0413141
4350.0,TOI 4350,5937.0,122.905,122.905,1.1487499,0.0552161,0.0552161
4352.0,TOI 4352,5461.0,122.168,122.168,0.834552,0.0432865,0.0432865
4354.0,TOI 4354,5737.0,128.163,128.163,0.969791,0.048603,0.048603
4360.0,TOI 4360,3246.0,157.0,157.0,0.308247,0.0092169,0.0092169
4366.0,TOI 4366,5355.0,127.5,127.5,1.96,0.11,0.11
4362.0,TOI 4362,6688.0,135.842,135.842,1.57319,0.0652713,0.0652713
4367.0,TOI 4367,5603.0,187.0,187.0,0.91,0.05,0.05
4369.0,TOI 4369,6730.0,126.4,126.4,2.5,0.12,0.12
4371.0,TOI 4371,5801.2,38.2,38.2,1.62,0.08,0.08
438.0,TOI 438,5210.8,145.0,145.0,0.796856,0.054392,0.054392
4380.0,TOI 4380,5780.0,,,,,
4381.0,TOI 4381,5377.0,130.812,130.812,0.841058,0.0468091,0.0468091
4382.0,TOI 4382,6255.0,135.269,135.269,1.45476,0.0666633,0.0666633
4385.0,TOI 4385,6840.0,132.294,132.294,2.7639699,0.130894,0.130894
4384.0,TOI 4384,7596.0,144.339,144.339,1.61,0.06,0.06
4386.0,TOI 4386,8127.0,143.048,143.048,1.75,0.06,0.06
4389.0,TOI 4389,6160.0,300.456,300.456,3.0048201,0.261458,0.261458
4395.0,TOI 4395,9505.0,187.6,187.6,3.13,0.11,0.11
4393.0,TOI 4393,5958.0,163.5,163.5,2.0,0.1,0.1
4391.0,TOI 4391,,,,,,
4398.0,TOI 4398,,,,,,
4400.0,TOI 4400,5478.8,5470.4,5470.4,1.63563,0.0853693,0.0853693
4402.0,TOI 4402,5811.0,126.011,126.011,1.15018,0.0527035,0.0527035
4405.0,TOI 4405,4361.0,128.258,128.258,0.687025,0.0593969,0.0593969
4403.0,TOI 4403,5515.2,119.3,119.3,1.72395,0.0832236,0.0832236
4412.0,TOI 4412,6849.0,129.9,129.9,2.05,0.1,0.1
4417.0,TOI 4417,4846.0,123.1,123.1,0.76,0.05,0.05
4413.0,TOI 4413,5364.0,118.0,118.0,0.89,0.05,0.05
4420.0,TOI 4420,6203.0,124.8,124.8,1.85891,0.0810978,0.0810978
4427.0,TOI 4427,5328.0,136.083,136.083,0.889218,0.0514397,0.0514397
4422.0,TOI 4422,7995.0,142.5,142.5,1.83,0.06,0.06
4429.0,TOI 4429,5402.0,121.807,121.807,1.04301,0.0557789,0.0557789
4430.0,TOI 4430,5490.0,133.259,133.259,1.46,0.08,0.08
4432.0,TOI 4432,4034.0,123.647,123.647,1.02777,0.101359,0.101359
4437.0,TOI 4437,6182.0,122.0,122.0,1.17,,
4436.0,TOI 4436,6250.0,136.01,136.01,1.9992501,0.0914069,0.0914069
4439.0,TOI 4439,5529.0,122.0,122.0,0.948617,,
4441.0,TOI 4441,7305.0,134.849,134.849,1.99827,0.0832713,0.0832713
4443.0,TOI 4443,5834.0,128.702,128.702,1.0173301,0.0490452,0.0490452
4449.0,TOI 4449,5856.0,131.0,131.0,1.28,0.06,0.06
445.0,TOI 445,6307.9,124.2,124.2,1.65,0.07,0.07
4451.0,TOI 4451,6138.0,112.712,112.712,1.07689,0.0452387,0.0452387
4452.0,TOI 4452,5480.0,122.0,122.0,1.13032,,
4458.0,TOI 4458,5904.4,122.0,122.0,2.0955601,0.1001,0.1001
4459.0,TOI 4459,3750.0,157.0,157.0,0.58,0.02,0.02
4462.0,TOI 4462,5918.0,112.3,112.3,2.06,0.09,0.09
4464.0,TOI 4464,5022.0,122.0,122.0,5.14,,
4468.0,TOI 4468,4975.0,122.0,122.0,0.79,,
447.0,TOI 447,6350.0,95.4,95.4,1.26396,0.0558895,0.0558895
4478.0,TOI 4478,5774.0,174.227,174.227,1.17,0.06,0.06
4481.0,TOI 4481,3573.0,157.0,157.0,0.43,0.01,0.01
4484.0,TOI 4484,4844.0,122.0,122.0,0.785703,,
4487.0,TOI 4487,5773.0,41.3,41.3,1.69,0.08,0.08
4495.0,TOI 4495,6156.0,132.372,132.372,1.34,0.06,0.06
4496.0,TOI 4496,,,,,,
450.0,TOI 450,3054.0,,,0.422267,0.0127167,0.0127167
4501.0,TOI 4501,8279.0,139.5,139.5,2.94,0.09,0.09
4504.0,TOI 4504,5271.0,130.4,130.4,0.960919,0.0548341,0.0548341
4506.0,TOI 4506,2938.0,93.0,93.0,0.185013,0.0058804,0.0058804
4508.0,TOI 4508,3383.0,157.0,157.0,0.332564,0.0099286,0.0099286
4513.0,TOI 4513,5558.0,120.728,120.728,0.8,0.04,0.04
4527.0,TOI 4527,3702.0,157.0,157.0,0.485948,0.014338,0.014338
4511.0,TOI 4511,5708.0,140.54,140.54,1.0,0.05,0.05
4537.0,TOI 4537,5975.0,102.5,102.5,1.07392,0.0421483,0.0421483
4540.0,TOI 4540,5328.0,120.1,120.1,0.92,0.05,0.05
4542.0,TOI 4542,4781.0,125.2,125.2,1.05,0.07,0.07
4548.0,TOI 4548,5970.5,,,1.59,,
4556.0,TOI 4556,3319.0,157.0,157.0,0.218553,0.0065861,0.0065861
4558.0,TOI 4558,5217.0,122.0,122.0,2.2631199,,
4560.0,TOI 4560,6491.0,129.148,129.148,1.89742,0.0776357,0.0776357
4561.0,TOI 4561,5631.0,128.852,128.852,0.851957,0.0414372,0.0414372
4566.0,TOI 4566,4443.39,115.215,115.215,0.713304,0.0541357,0.0541357
4568.0,TOI 4568,5899.0,126.849,126.849,1.33,0.06,0.06
457.0,TOI 457,3054.0,97.0,97.0,0.512881,0.0158325,0.0158325
4567.0,TOI 4567,3830.0,157.0,157.0,0.608498,0.0180226,0.0180226
4576.0,TOI 4576,4271.0,127.626,127.626,0.677846,0.0625503,0.0625503
4573.0,TOI 4573,4207.0,121.244,121.244,0.623617,0.0552965,0.0552965
4578.0,TOI 4578,5917.0,123.979,123.979,0.878735,0.0406809,0.0406809
4580.0,TOI 4580,5659.0,187.0,187.0,0.973028,0.0505728,0.0505728
4588.0,TOI 4588,7800.0,100.24,100.24,1.57458,0.0364874,0.0364874
459.0,TOI 459,6559.17,40.1349,40.1349,2.0848899,0.0865123,0.0865123
4596.0,TOI 4596,5598.0,121.1,121.1,0.98,0.05,0.05
4597.0,TOI 4597,7712.0,240.8,240.8,1.57,0.05,0.05
4602.0,TOI 4602,6011.9,122.6,122.6,1.16,0.05,0.05
4608.0,TOI 4608,7418.5,106.2,106.2,1.51,0.07,0.07
4609.0,TOI 4609,7461.4,102.4,102.4,1.68,0.25,0.25
4611.0,TOI 4611,6213.0,161.2,161.2,1.28,0.06,0.06
4613.0,TOI 4613,5341.8,367.5,367.5,2.4,,
4614.0,TOI 4614,4225.95,104.703,104.703,0.876814,0.070892,0.070892
4615.0,TOI 4615,6350.0,139.074,139.074,2.3693399,0.174784,0.174784
4616.0,TOI 4616,3244.0,157.0,157.0,0.192729,0.0057844,0.0057844
4619.0,TOI 4619,7406.97,38.45,38.45,1.56373,,
4620.0,TOI 4620,7825.0,304.131,304.131,2.08,0.07,0.07
4622.0,TOI 4622,3003.0,157.0,157.0,0.463184,0.0211904,0.0211904
4625.0,TOI 4625,4384.23,40.15,40.15,0.720126,0.062549,0.062549
4642.0,TOI 4642,3266.0,157.0,157.0,0.242091,0.0073934,0.0073934
4643.0,TOI 4643,3782.0,157.0,157.0,0.518021,0.0153843,0.0153843
4645.0,TOI 4645,8972.0,177.7,177.7,3.02,0.12,0.12
4647.0,TOI 4647,5991.0,128.907,128.907,0.968041,0.0469849,0.0469849
4657.0,TOI 4657,6200.0,127.0,127.0,1.35175,0.0653267,0.0653267
4658.0,TOI 4658,5575.0,130.4,130.4,0.85,0.04,0.04
4660.0,TOI 4660,4674.0,123.0,123.0,0.84,,
4662.0,TOI 4662,4481.0,121.7,121.7,0.69,0.05,0.05
4688.0,TOI 4688,5851.0,134.8,134.8,1.14,0.06,0.06
4700.0,TOI 4700,4391.0,123.3,123.3,,,
4721.0,TOI 4721,4779.0,,,0.77199,,
4734.0,TOI 4734,5854.0,149.4,149.4,1.76,0.11,0.11
475.0,TOI 475,4105.0,171.0,171.0,0.6194,0.0644472,0.0644472
476.0,TOI 476,7691.0,215.0,215.0,2.05,0.07,0.07
4775.0,TOI 4775,6643.0,145.6,145.6,1.87,0.09,0.09
4778.0,TOI 4778,5296.0,133.8,133.8,1.56375,0.0917464,0.0917464
4776.0,TOI 4776,6079.0,128.0,128.0,1.2,0.05,0.05
4782.0,TOI 4782,7759.0,431.7,431.7,,,
4786.0,TOI 4786,7528.0,146.5,146.5,1.74,0.08,0.08
4787.0,TOI 4787,6107.0,122.7,122.7,1.42,0.06,0.06
4788.0,TOI 4788,6328.0,131.9,131.9,1.32,0.06,0.06
4809.0,TOI 4809,6211.0,118.4,118.4,1.4818799,0.0672739,0.0672739
4819.0,TOI 4819,5150.0,122.0,122.0,0.8,,
4822.0,TOI 4822,7586.0,145.7,145.7,1.71,0.06,0.06
4823.0,TOI 4823,5736.0,124.9,124.9,0.9975,0.0526256,0.0526256
4834.0,TOI 4834,5218.8,42.2,42.2,1.15,,
4835.0,TOI 4835,6047.0,122.0,122.0,1.82,,
4839.0,TOI 4839,4866.9,267.7,267.7,,,
4841.0,TOI 4841,5388.3,115.4,115.4,0.88,0.06,0.06
4858.0,TOI 4858,3333.0,157.0,157.0,0.443812,0.0137555,0.0137555
4869.0,TOI 4869,5962.0,442.3,442.3,,,
486.0,TOI 486,3445.0,87.0,87.0,0.426676,0.0127833,0.0127833
4871.0,TOI 4871,6176.0,134.5,134.5,1.56,0.09,0.09
487.0,TOI 487,5450.0,185.0,185.0,,,
4877.0,TOI 4877,6718.0,134.4,134.4,1.67,0.07,0.07
4887.0,TOI 4887,7868.0,146.4,146.4,1.96,0.07,0.07
4888.0,TOI 4888,6243.0,127.9,127.9,1.58,0.07,0.07
4889.0,TOI 4889,3525.0,85.4,85.4,,,
4893.0,TOI 4893,4884.2,190.9,190.9,,,
4894.0,TOI 4894,5260.0,156.1,156.1,1.76,0.1,0.1
4897.0,TOI 4897,6618.0,122.0,122.0,1.23,,
4899.0,TOI 4899,7228.0,135.3,135.3,1.77,0.08,0.08
4906.0,TOI 4906,6059.0,122.0,122.0,1.09,,
4907.0,TOI 4907,5108.1,140.8,140.8,,,
4920.0,TOI 4920,6687.0,134.5,134.5,1.66,0.08,0.08
4928.0,TOI 4928,7544.0,136.9,136.9,2.08,0.08,0.08
493.0,TOI 493,4383.0,174.0,174.0,0.811865,0.0660754,0.0660754
4949.0,TOI 4949,6955.0,140.2,140.2,1.58,0.07,0.07
4953.0,TOI 4953,6808.0,122.0,122.0,1.4,,
4971.0,TOI 4971,5058.2,326.5,326.5,,,
4973.0,TOI 4973,5742.0,124.0,124.0,0.93,0.05,0.05
4975.0,TOI 4975,,,,,,
4979.0,TOI 4979,5156.0,127.0,127.0,1.31,0.08,0.08
5013.0,TOI 5013,6620.0,129.8,129.8,2.21,0.1,0.1
5017.0,TOI 5017,5575.2,133.0,133.0,2.3,0.14,0.14
5020.0,TOI 5020,6279.0,122.0,122.0,2.04,,
5025.0,TOI 5025,8219.0,145.9,145.9,1.42,0.07,0.07
5033.0,TOI 5033,3465.0,157.0,157.0,0.36,0.01,0.01
5035.0,TOI 5035,5406.0,127.7,127.7,1.05,0.06,0.06
5049.0,TOI 5049,5508.0,131.9,131.9,1.08,0.06,0.06
5039.0,TOI 5039,5709.0,122.0,122.0,1.8,,
5051.0,TOI 5051,4708.0,124.8,124.8,1.13,0.08,0.08
5057.0,TOI 5057,4520.0,122.0,122.0,2.85,,
5052.0,TOI 5052,5496.0,129.2,129.2,1.07,0.06,0.06
507.0,TOI 507,3338.0,64.0,64.0,0.505078,0.0152355,0.0152355
5077.0,TOI 5077,5641.0,128.1,128.1,1.97,0.1,0.1
5082.0,TOI 5082,5670.0,110.1,110.1,0.93,0.04,0.04
5078.0,TOI 5078,4595.0,122.2,122.2,0.68,0.05,0.05
5084.0,TOI 5084,4544.0,122.0,122.0,0.75,0.06,0.06
5091.0,TOI 5091,6832.0,197.284,197.284,1.5,0.08,0.08
5099.0,TOI 5099,6761.32,121.447,121.447,2.0669501,0.0853669,0.0853669
510.0,TOI 510,5915.0,191.0,191.0,1.29,0.06,0.06
5102.0,TOI 5102,3739.0,157.0,157.0,0.633946,0.0300458,0.0300458
5100.0,TOI 5100,6028.0,131.193,131.193,1.3226399,0.0649296,0.0649296
5103.0,TOI 5103,6242.0,123.7,123.7,1.63,0.08,0.08
5105.0,TOI 5105,6355.8,103.2,103.2,2.11,0.11,0.11
5113.0,TOI 5113,6113.0,192.4,192.4,1.39,0.07,0.07
5117.0,TOI 5117,6247.5,109.3,109.3,1.16,0.05,0.05
5108.0,TOI 5108,5880.0,130.1,130.1,1.32,0.07,0.07
5122.0,TOI 5122,6148.7,149.0,149.0,1.34,0.09,0.09
5125.0,TOI 5125,6710.0,142.9,142.9,1.55,0.07,0.07
5118.0,TOI 5118,6635.0,234.1,234.1,1.57,0.07,0.07
5129.0,TOI 5129,6178.0,135.5,135.5,1.19,0.06,0.06
5128.0,TOI 5128,7642.0,138.8,138.8,1.99,0.08,0.08
5130.0,TOI 5130,6224.0,135.5,135.5,1.2,0.05,0.05
5139.0,TOI 5139,3859.0,157.0,157.0,0.6,0.02,0.02
5143.0,TOI 5143,5296.38,107.392,107.392,0.85412,0.0427136,0.0427136
5147.0,TOI 5147,5174.39,100.009,100.009,0.88,0.04,0.04
5148.0,TOI 5148,5447.0,126.6,126.6,1.91,0.1,0.1
5159.0,TOI 5159,5259.0,119.5,119.5,0.854084,0.0465779,0.0465779
516.0,TOI 516,3109.0,98.0,98.0,0.202,0.046,0.046
5160.0,TOI 5160,5653.3,111.1,111.1,1.03,0.05,0.05
5166.0,TOI 5166,5502.0,135.3,135.3,0.89,0.05,0.05
5175.0,TOI 5175,4797.5,34.9666,34.9666,1.06192,,
5177.0,TOI 5177,6183.0,128.3,128.3,1.68,0.08,0.08
5169.0,TOI 5169,5002.0,120.069,120.069,0.78,0.05,0.05
5179.0,TOI 5179,5702.0,129.2,129.2,1.02,0.05,0.05
5180.0,TOI 5180,6976.0,161.0,161.0,1.71,0.09,0.09
5192.0,TOI 5192,6121.7,109.4,109.4,1.74,0.08,0.08
520.0,TOI 520,7450.0,211.0,211.0,1.52949,0.054392,0.054392
5201.0,TOI 5201,5704.0,123.0,123.0,1.48,,
5208.0,TOI 5208,6164.0,,,1.31,,
5214.0,TOI 5214,5840.8,140.2,140.2,2.53,0.15,0.15
5217.0,TOI 5217,6029.0,204.2,204.2,2.45,0.2,0.2
5218.0,TOI 5218,3937.0,157.0,157.0,0.675707,0.0205381,0.0205381
522.0,TOI 522,7381.0,80.0,80.0,1.86219,0.0693166,0.0693166
5220.0,TOI 5220,6655.0,122.0,122.0,1.58,,
5222.0,TOI 5222,8104.0,153.6,153.6,2.26,0.11,0.11
5227.0,TOI 5227,5824.6,158.2,158.2,1.3,0.06,0.06
5223.0,TOI 5223,6424.0,122.0,122.0,1.53116,,
5232.0,TOI 5232,6212.0,128.4,128.4,1.74,0.08,0.08
5229.0,TOI 5229,5087.5,153.5,153.5,0.97,0.06,0.06
5242.0,TOI 5242,5074.0,123.6,123.6,0.85,0.05,0.05
5239.0,TOI 5239,5969.0,130.2,130.2,1.24,0.06,0.06
5243.0,TOI 5243,5995.0,145.8,145.8,1.81,0.09,0.09
5253.0,TOI 5253,5500.1,172.7,172.7,1.02,,
5264.0,TOI 5264,6812.0,192.4,192.4,1.92,0.09,0.09
5274.0,TOI 5274,4310.0,122.0,122.0,0.76,,
5280.0,TOI 5280,6543.2,284.3,284.3,1.88,0.17,0.17
5281.0,TOI 5281,5865.0,123.0,123.0,1.47,,
5285.0,TOI 5285,4076.0,121.0,121.0,0.76,0.07,0.07
5302.0,TOI 5302,4794.0,122.0,122.0,0.81,,
5303.0,TOI 5303,6480.0,122.0,122.0,1.39,,
5305.0,TOI 5305,5921.4,101.4,101.4,1.37,0.07,0.07
5306.0,TOI 5306,5807.7,172.3,172.3,1.31,0.08,0.08
5307.0,TOI 5307,4031.0,127.2,127.2,0.62,0.06,0.06
5310.0,TOI 5310,4329.8,104.0,104.0,0.81,0.06,0.06
5314.0,TOI 5314,6143.0,122.0,122.0,1.05,,
5316.0,TOI 5316,5849.8,24.8,24.8,1.61,,
5278.0,TOI 5278,3349.0,157.0,157.0,0.383284,0.0118038,0.0118038
5315.0,TOI 5315,3333.0,157.0,157.0,0.43,0.02,0.02
5324.0,TOI 5324,4738.0,122.0,122.0,0.75,,
5330.0,TOI 5330,6701.0,108.6,108.6,1.38,0.06,0.06
5317.0,TOI 5317,5981.3,111.8,111.8,1.31,0.06,0.06
5343.0,TOI 5343,5156.0,227.0,227.0,0.69,0.04,0.04
5348.0,TOI 5348,6622.0,166.1,166.1,1.49278,0.0784222,0.0784222
5351.0,TOI 5351,6182.0,125.3,125.3,1.64,0.09,0.09
5352.0,TOI 5352,6396.0,177.7,177.7,1.36,0.06,0.06
5357.0,TOI 5357,5504.0,332.4,332.4,1.06,0.07,0.07
5354.0,TOI 5354,5850.0,128.2,128.2,1.41,0.08,0.08
5356.0,TOI 5356,6577.4,111.2,111.2,2.0,0.1,0.1
5358.0,TOI 5358,4636.3,110.2,110.2,0.802524,0.0636332,0.0636332
5359.0,TOI 5359,3174.0,157.0,157.0,0.47,0.02,0.02
5365.0,TOI 5365,6080.3,136.6,136.6,2.76,0.17,0.17
5370.0,TOI 5370,6350.0,343.9,343.9,1.5,0.08,0.08
5371.0,TOI 5371,4671.0,123.0,123.0,1.03,,
5372.0,TOI 5372,5776.1,125.1,125.1,1.6,0.09,0.09
5375.0,TOI 5375,3865.0,157.0,157.0,0.633426,0.0187028,0.0187028
5381.0,TOI 5381,6802.3,102.5,102.5,2.68185,0.109739,0.109739
5377.0,TOI 5377,6803.0,,,1.62,,
5382.0,TOI 5382,6277.0,131.8,131.8,1.72,0.08,0.08
5383.0,TOI 5383,6768.0,125.338,125.338,1.47,0.06,0.06
5376.0,TOI 5376,6417.0,124.477,124.477,2.87,0.14,0.14
5385.0,TOI 5385,6238.0,124.118,124.118,2.0792,0.103347,0.103347
5387.0,TOI 5387,7531.0,126.157,126.157,1.52,0.05,0.05
5388.0,TOI 5388,3495.0,157.0,157.0,0.31,0.01,0.01
539.0,TOI 539,4836.0,178.0,178.0,0.813125,0.0531332,0.0531332
5391.0,TOI 5391,5961.0,118.2,118.2,1.02,0.05,0.05
5395.0,TOI 5395,6269.0,129.2,129.2,1.17,0.05,0.05
5402.0,TOI 5402,4363.0,130.663,130.663,0.677839,0.0593291,0.0593291
5406.0,TOI 5406,7110.0,122.0,122.0,1.59,,
5403.0,TOI 5403,5311.7,181.4,181.4,0.95,0.08,0.08
5407.0,TOI 5407,6606.6,131.3,131.3,1.36,0.07,0.07
5409.0,TOI 5409,6078.0,122.0,122.0,1.3,,
5423.0,TOI 5423,4964.8,105.8,105.8,0.76036,0.042299,0.042299
5412.0,TOI 5412,6419.6,143.5,143.5,1.68,0.09,0.09
5427.0,TOI 5427,6042.1,117.6,117.6,1.27,0.07,0.07
5432.0,TOI 5432,5612.0,124.4,124.4,1.48,0.08,0.08
5433.0,TOI 5433,3981.0,157.0,157.0,0.71,0.02,0.02
5441.0,TOI 5441,6642.2,191.5,191.5,1.45,,
5443.0,TOI 5443,6960.9,153.6,153.6,1.53,0.09,0.09
5446.0,TOI 5446,6544.0,126.8,126.8,1.5335,0.0749346,0.0749346
5455.0,TOI 5455,5903.0,122.0,122.0,1.67,,
5466.0,TOI 5466,6709.0,173.0,173.0,1.41,0.06,0.06
5476.0,TOI 5476,5732.6,31.8,31.8,1.01,,
5477.0,TOI 5477,5508.0,122.0,122.0,0.82,,
5478.0,TOI 5478,5656.0,124.9,124.9,1.75,0.1,0.1
327.0,TOI 327,5960.0,123.0,123.0,1.31971,,
328.0,TOI 328,6074.0,133.7,133.7,1.20333,0.0626834,0.0626834
345.0,TOI 345,5136.0,122.0,122.0,0.903365,,
363.0,TOI 363,5177.0,130.0,130.0,0.99,0.06,0.06
494.0,TOI 494,4985.0,114.0,114.0,0.8,0.05,0.05
512.0,TOI 512,5581.0,187.0,187.0,0.882675,0.048995,0.048995
581.0,TOI 581,10585.0,259.9,259.9,1.84,0.06,0.06
583.0,TOI 583,10902.0,307.7,307.7,1.72,0.05,0.05
587.0,TOI 587,9333.0,286.1,286.1,2.0411401,0.0581056,0.0581056
697.0,TOI 697,5447.0,185.0,185.0,0.968149,0.0515628,0.0515628
739.0,TOI 739,6083.61,125.0,125.0,1.1584001,,
805.0,TOI 805,3376.0,,,0.281129,0.0085697,0.0085697
873.0,TOI 873,3797.0,64.0,64.0,0.5204,0.0154554,0.0154554
1011.0,TOI 1011,5413.7,132.8,132.8,0.94,0.05,0.05
1074.0,TOI 1074,5206.0,183.0,183.0,0.741671,0.0479724,0.0479724
1094.0,TOI 1094,7710.0,140.2,140.2,2.28,0.09,0.09
1095.0,TOI 1095,7066.0,133.7,133.7,2.6647301,0.10601,0.10601
1119.0,TOI 1119,6456.0,127.2,127.2,2.07,0.1,0.1
1225.0,TOI 1225,5522.87,125.0,125.0,0.888163,0.0508468,0.0508468
1490.0,TOI 1490,4939.0,122.0,122.0,5.11,,
1528.0,TOI 1528,,,,,,
1608.0,TOI 1608,6057.7,67.1,67.1,2.13,0.09,0.09
1641.0,TOI 1641,9898.0,151.436,151.436,3.4,0.52,0.52
1649.0,TOI 1649,8170.0,258.8,258.8,1.78,0.06,0.06
1675.0,TOI 1675,7478.0,216.5,216.5,2.06,0.07,0.07
1727.0,TOI 1727,5566.0,147.029,147.029,0.98869,0.0525879,0.0525879
1847.0,TOI 1847,5076.0,127.7,127.7,0.83,0.05,0.05
1970.0,TOI 1970,6432.2,218.0,218.0,1.56996,0.0796985,0.0796985
1981.0,TOI 1981,8749.3,281.8,281.8,2.14,0.07,0.07
1995.0,TOI 1995,7804.8,128.2,128.2,4.44,0.15,0.15
2035.0,TOI 2035,9387.0,,,2.35,,
2108.0,TOI 2108,6300.0,133.3,133.3,1.42268,0.0666332,0.0666332
2114.0,TOI 2114,6382.0,131.3,131.3,2.1,0.1,0.1
2157.0,TOI 2157,5756.0,125.4,125.4,0.93,0.05,0.05
2232.0,TOI 2232,,,,,,
2361.0,TOI 2361,5395.0,128.5,128.5,1.06,0.06,0.06
2390.0,TOI 2390,7022.0,6973.5,6973.5,1.99761,0.0950254,0.0950254
2396.0,TOI 2396,5735.0,128.1,128.1,1.76,0.09,0.09
2492.0,TOI 2492,6519.0,1072.3,1072.3,1.49,0.33,0.33
2546.0,TOI 2546,6125.96,133.255,133.255,1.46,0.08,0.08
2556.0,TOI 2556,5886.2,140.7,140.7,1.3302799,0.0712361,0.0712361
2595.0,TOI 2595,6033.7,142.9,142.9,1.02,0.06,0.06
2618.0,TOI 2618,7386.5,203.3,203.3,1.59,0.07,0.07
2626.0,TOI 2626,4404.0,121.8,121.8,0.752032,0.0624674,0.0624674
2638.0,TOI 2638,5780.0,,,,,
2644.0,TOI 2644,5383.0,,,0.983025,,
2665.0,TOI 2665,6112.0,132.1,132.1,1.3,0.06,0.06
2859.0,TOI 2859,6551.0,133.0,133.0,1.73,0.08,0.08
3077.0,TOI 3077,7689.0,154.2,154.2,2.07,0.09,0.09
3112.0,TOI 3112,4911.0,128.1,128.1,1.19,0.08,0.08
3147.0,TOI 3147,5230.5,107.6,107.6,,,
3291.0,TOI 3291,5302.0,,,0.95,,
3342.0,TOI 3342,5748.0,126.0,126.0,1.09,0.05,0.05
3386.0,TOI 3386,6446.0,135.2,135.2,1.13,0.05,0.05
3459.0,TOI 3459,5030.7,172.3,172.3,,,
3480.0,TOI 3480,5830.0,166.9,166.9,,,
3485.0,TOI 3485,4554.0,122.3,122.3,0.77,0.06,0.06
3645.0,TOI 3645,5585.0,122.3,122.3,1.13,0.06,0.06
3874.0,TOI 3874,5997.0,122.0,122.0,1.25,,
3927.0,TOI 3927,5353.0,202.7,202.7,1.08,0.06,0.06
3978.0,TOI 3978,5548.0,122.0,122.0,2.02,,
4041.0,TOI 4041,5914.8,118.2,118.2,1.41,0.07,0.07
4133.0,TOI 4133,5766.9,283.8,283.8,,,
4136.0,TOI 4136,6357.0,144.5,144.5,1.5,0.07,0.07
4153.0,TOI 4153,6411.0,231.7,231.7,1.67219,0.0757286,0.0757286
4218.0,TOI 4218,6976.0,129.5,129.5,1.58,0.07,0.07
4290.0,TOI 4290,5313.0,126.0,126.0,0.8,0.04,0.04
4373.0,TOI 4373,7217.6,90.0,90.0,1.63,0.05,0.05
4390.0,TOI 4390,5095.6,1222.5,1222.5,,,
4425.0,TOI 4425,6468.0,134.0,134.0,1.47364,0.06358,0.06358
4493.0,TOI 4493,4954.0,122.0,122.0,2.82,,
4529.0,TOI 4529,3611.0,157.0,157.0,0.492759,0.0147634,0.0147634
4543.0,TOI 4543,4837.8,251.9,251.9,3.19,0.34,0.34
4550.0,TOI 4550,7751.0,937.7,937.7,2.57,0.08,0.08
4552.0,TOI 4552,3304.0,100.0,100.0,0.286178,0.008567,0.008567
4598.0,TOI 4598,6011.0,133.1,133.1,1.76,0.08,0.08
4873.0,TOI 4873,5983.0,132.1,132.1,1.1,0.06,0.06
4915.0,TOI 4915,,,,,,
5069.0,TOI 5069,6332.0,125.5,125.5,1.87,0.09,0.09
5088.0,TOI 5088,5638.7,108.8,108.8,0.87,0.04,0.04
5261.0,TOI 5261,5686.0,123.6,123.6,1.04,0.05,0.05
5346.0,TOI 5346,6441.1,67.6,67.6,1.18,,
5379.0,TOI 5379,6385.0,132.8,132.8,1.47,0.07,0.07
5386.0,TOI 5386,5920.2,43.2,43.2,1.43,0.07,0.07
5438.0,TOI 5438,5860.5,,,1.51,,
5457.0,TOI 5457,6580.3,133.9,133.9,1.66,0.1,0.1
5484.0,TOI 5484,6655.8,268.0,268.0,1.49,0.12,0.12
5516.0,TOI 5516,6077.0,123.1,123.1,2.02,0.15,0.15
5549.0,TOI 5549,4921.0,784.763,784.763,1.30646,0.22103,0.22103
5625.0,TOI 5625,6351.0,128.7,128.7,2.4,0.11,0.11
5681.0,TOI 5681,4974.0,126.4,126.4,0.88,0.06,0.06
5734.0,TOI 5734,4645.0,128.1,128.1,0.693766,0.0532161,0.0532161
5783.0,TOI 5783,5483.0,126.8,126.8,0.93,0.05,0.05
5809.0,TOI 5809,4115.1,117.7,117.7,0.88,0.05,0.05
5938.0,TOI 5938,4452.0,130.0,130.0,0.74,0.06,0.06
5978.0,TOI 5978,5632.0,131.337,131.337,0.977079,0.050804,0.050804
6008.0,TOI 6008,3098.0,157.0,157.0,0.235048,0.0069986,0.0069986
6018.0,TOI 6018,4983.53,97.1001,97.1001,0.708945,0.0356834,0.0356834
6046.0,TOI 6046,5845.0,122.0,122.0,1.01592,,
6058.0,TOI 6058,4403.0,127.8,127.8,0.71,0.06,0.06
6059.0,TOI 6059,5413.7,119.9,119.9,0.85,0.05,0.05
6068.0,TOI 6068,6718.0,134.2,134.2,1.37,0.06,0.06
6095.0,TOI 6095,5260.0,122.8,122.8,0.8,0.04,0.04
6254.0,TOI 6254,5317.0,127.663,127.663,0.885814,0.0503593,0.0503593
6284.0,TOI 6284,3548.0,157.0,157.0,0.47,0.01,0.01
6393.0,TOI 6393,5022.0,125.4,125.4,0.77,0.05,0.05
6652.0,TOI 6652,5745.0,124.8,124.8,1.01,0.05,0.05
6717.0,TOI 6717,3254.0,157.0,157.0,0.219973,0.0068233,0.0068233
6722.0,TOI 6722,5221.0,122.0,122.0,0.741696,,
6978.0,TOI 6978,4747.13,126.432,126.432,0.750709,0.053608,0.053608
