hostname,tic_id,st_teff,st_tefferr1,st_tefferr2,st_rad,st_raderr1,st_raderr2,st_mass,st_masserr1,st_masserr2
AU Mic,441420236.0,3678.0,90.0,-88.0,0.744,0.023,-0.021,0.51,0.028,-0.027
TOI-1062,299799658.0,5328.0,56.0,-56.0,0.84,0.09,-0.09,0.94,0.02,-0.02
HIP 67522,166527623.0,5675.0,75.0,-75.0,1.38,0.06,-0.06,1.22,0.05,-0.05
Gl 49,256419669.0,3805.0,51.0,-51.0,0.511,0.018,-0.018,0.515,0.019,-0.019
HD 163607,232620788.0,5522.0,,,1.76,,,1.12,,
TOI-4603,437856897.0,6264.0,95.0,-94.0,2.738,0.048,-0.05,1.765,0.061,-0.061
Proxima Cen,388857263.0,2900.0,100.0,-100.0,0.141,0.021,-0.021,0.1221,0.0022,-0.0022
61 Vir,422478973.0,5577.0,33.0,-33.0,0.963,0.011,-0.011,0.942,0.034,-0.029
Barnard''s star,325554331.0,3195.0,28.0,-28.0,0.185,0.006,-0.006,0.162,0.007,-0.007
BD-08 2823,33355302.0,4746.0,63.0,-63.0,0.71,0.04,-0.04,0.74,0.07,-0.07
BD-10 3166,148563075.0,5393.0,44.0,-44.0,0.91,0.04,-0.04,1.47,0.24,-0.24
CD Cet,328465904.0,3130.0,51.0,-51.0,0.175,0.006,-0.006,0.161,0.01,-0.01
CoRoT-1,36352297.0,5950.0,150.0,-150.0,1.11,0.05,-0.05,0.95,0.15,-0.15
CoRoT-13,281909674.0,5945.0,90.0,-90.0,1.01,0.03,-0.03,1.09,0.02,-0.02
CoRoT-2,391958006.0,5625.0,120.0,-120.0,0.906,0.026,-0.027,0.96,0.08,-0.08
CoRoT-21,280420719.0,6200.0,100.0,-100.0,1.95,0.21,-0.21,1.29,0.09,-0.09
CoRoT-22,323094535.0,5939.0,54.0,-120.0,1.136,0.038,-0.09,1.099,0.049,-0.049
CoRoT-3,392353449.0,6740.0,140.0,-140.0,1.56,0.09,-0.09,1.37,0.09,-0.09
CoRoT-4,36440357.0,6190.0,60.0,-60.0,1.17,0.01,-0.03,1.16,0.03,-0.02
CoRoT-7,280304863.0,5275.0,75.0,-75.0,0.83,0.04,-0.04,0.82,0.17,-0.17
DMPP-4,26884478.0,6400.0,50.0,-50.0,1.38,0.01,-0.01,1.25,0.02,-0.02
EPIC 201170410,38116202.0,3648.0,172.0,-143.0,0.282,0.074,-0.069,0.287,0.101,-0.084
EPIC 201757695,380546118.0,4520.0,108.0,-54.0,0.655,0.041,-0.045,0.727,0.044,-0.053
EPIC 201841433,380583651.0,5053.0,103.0,-166.0,0.628461,0.04342,-0.024858,0.802,0.081,-0.163
EPIC 220674823,266015990.0,5578.0,46.0,-46.0,0.99,0.012,-0.012,0.913,0.024,-0.024
EPIC 246851721,411839167.0,6202.0,52.0,-50.0,1.586,0.034,-0.033,1.317,0.041,-0.04
G264-012,,,,,,,,,,
G9-40,,,,,,,,,,
Gaia-2,147797743.0,5720.0,84.0,-84.0,1.064,0.031,-0.031,1.0,0.095,-0.095
GJ 1002,176287658.0,3024.0,52.0,-52.0,0.137,0.005,-0.005,0.12,0.01,-0.01
GJ 1061,79611981.0,2953.0,98.0,-98.0,0.156,0.005,-0.005,0.12,0.01,-0.01
GJ 1132,101955023.0,3229.0,78.0,-62.0,0.2211,0.0069,-0.0081,0.1945,0.0048,-0.0046
GJ 1252,370133522.0,3458.0,140.0,-133.0,0.391,0.02,-0.02,0.381,0.019,-0.019
GJ 15A,,,,,,,,,,
GJ 163,219221189.0,3500.0,100.0,-100.0,0.409738,0.012214,-0.012214,0.4,0.02,-0.02
GJ 180,246902275.0,3371.0,,,0.413049,0.012311,-0.012311,0.43,,
GJ 2030,9967949.0,5485.0,103.89,-94.4,2.24104,0.097217,-0.094059,0.96,0.125,-0.125
GJ 238,260708537.0,3485.0,140.0,-140.0,0.4314,0.0075,-0.0071,0.4193,0.0095,-0.0098
GJ 251,68581262.0,3342.0,24.0,-24.0,0.36,0.01,-0.01,0.35,0.05,-0.04
GJ 27.1,80417903.0,3542.0,,,0.518887,0.015756,-0.015756,0.53,,
GJ 273,318686860.0,3382.0,49.0,-49.0,0.293,0.027,-0.027,0.29,,
GJ 3082,206548902.0,3910.0,90.0,-147.0,0.465216,0.01391,-0.01391,0.47,,
GJ 3090,262530407.0,3707.0,32.0,-32.0,0.516,0.016,-0.016,0.519,0.013,-0.013
GJ 3138,632528291.0,3717.0,49.0,-49.0,0.5,0.03,-0.03,0.681,,
GJ 3222,160004049.0,5257.46,,,0.931389,,,0.89,0.114,-0.114
GJ 3323,43605290.0,3159.0,49.0,-49.0,0.119,0.027,-0.027,0.164,,
GJ 3470,19028197.0,3600.0,100.0,-100.0,0.547,0.018,-0.018,0.539,0.047,-0.043
GJ 357,413248763.0,3505.0,51.0,-51.0,0.337,0.015,-0.015,0.342,0.011,-0.011
GJ 3634,49064384.0,3517.0,157.0,-157.0,0.43,0.03,-0.03,0.45,0.05,-0.05
GJ 367,34068865.0,3522.0,70.0,-70.0,0.458,0.013,-0.013,0.455,0.011,-0.011
GJ 3929,188589164.0,3384.0,88.0,-88.0,0.32,0.01,-0.01,0.313,0.027,-0.022
GJ 393,277888583.0,3579.0,51.0,-51.0,0.426,0.013,-0.013,0.426,0.017,-0.017
GJ 3942,162494287.0,3867.0,69.0,-69.0,0.61,0.06,-0.06,0.63,0.07,-0.07
GJ 3988,274626553.0,3273.0,101.0,-101.0,0.19734,0.01219,-0.01219,0.1842,0.0153,-0.0153
GJ 422,450545735.0,3323.0,,,0.370328,0.011469,-0.011469,0.35,,
GJ 433,57654763.0,3461.0,150.0,-150.0,0.5,0.04,-0.04,0.48,,
GJ 436,138819293.0,3586.11,36.37,-36.37,0.455,0.018,-0.018,0.47,0.07,-0.07
GJ 536,119147875.0,3641.0,88.0,-88.0,0.529,0.022,-0.022,0.528,0.027,-0.027
GJ 581,36853511.0,3500.0,26.0,-26.0,0.302,0.005,-0.005,0.295,0.01,-0.01
GJ 625,207492082.0,3499.0,68.0,-68.0,0.31,0.06,-0.06,0.3,0.07,-0.07
GJ 674,218263393.0,3600.0,100.0,-100.0,0.36463,0.0108,-0.0108,0.35,,
GJ 682,16909043.0,3028.0,,,0.298255,0.008912,-0.008912,0.27,,
GJ 724,424934357.0,3799.0,81.0,-81.0,0.52226,0.02234,-0.02234,0.5271,0.0263,-0.0263
GJ 740,227642705.0,3913.0,51.0,-51.0,0.56,0.06,-0.06,0.58,0.06,-0.06
GJ 806,239332587.0,3600.0,16.0,-16.0,0.4144,0.0038,-0.0038,0.413,0.011,-0.011
GJ 887,155315739.0,3688.0,86.0,-86.0,0.468,0.022,-0.022,0.495,0.049,-0.049
GJ 9404,328860504.0,3811.0,,,0.626041,0.018869,-0.018869,0.62,0.07,-0.07
GJ 9689,87942223.0,3836.0,69.0,-69.0,0.57,0.06,-0.06,0.59,0.06,-0.06
Gl 378,252470070.0,3879.0,67.0,-67.0,0.56,0.02,-0.02,0.56,0.01,-0.01
Gl 686,230241767.0,3656.0,51.0,-51.0,0.427,0.013,-0.013,0.426,0.017,-0.017
Gliese 12,52005579.0,3328.0,78.0,-78.0,0.265,0.012,-0.012,0.255,0.013,-0.013
HAT-P-1,346338552.0,5980.0,49.0,-49.0,1.174,0.026,-0.027,1.151,0.052,-0.051
HAT-P-11,28230919.0,4653.0,33.0,-35.0,0.683,0.009,-0.009,0.811,0.03,-0.03
HAT-P-12,198108326.0,4650.0,60.0,-60.0,0.701,0.017,-0.012,0.733,0.018,-0.018
HAT-P-17,266593143.0,5246.0,80.0,-80.0,0.87,0.04,-0.04,0.99,0.15,-0.15
HAT-P-20,26826078.0,4595.0,80.0,-80.0,0.694,0.021,-0.021,0.756,0.028,-0.028
HAT-P-21,17993892.0,5588.0,80.0,-80.0,1.21,0.17,-0.17,1.24,0.6,-0.6
HAT-P-22,252479260.0,5302.0,80.0,-80.0,1.11,0.05,-0.05,1.13,0.22,-0.22
HAT-P-24,440777904.0,6373.0,80.0,-80.0,1.38,0.22,-0.22,1.37,0.69,-0.69
HAT-P-25,35022727.0,5519.0,78.0,-76.0,0.919,0.034,-0.034,1.012,0.053,-0.051
HAT-P-28,53728859.0,5680.0,90.0,-90.0,1.103,0.091,-0.069,1.025,0.047,-0.047
HAT-P-3,311035838.0,5185.0,80.0,-80.0,0.87,0.06,-0.06,1.06,0.28,-0.28
HAT-P-30,455135327.0,6304.0,88.0,-88.0,1.31,0.13,-0.13,1.55,0.51,-0.51
HAT-P-31,320798691.0,6065.0,100.0,-100.0,1.39,0.11,-0.11,1.31,0.73,-0.73
HAT-P-33,239154970.0,6446.0,88.0,-88.0,1.79,0.48,-0.48,1.82,1.45,-1.45
HAT-P-34,278348461.0,6442.0,88.0,-88.0,1.53,0.14,-0.1,1.392,0.047,-0.047
HAT-P-35,455096220.0,6096.0,88.0,-88.0,1.435,0.084,-0.084,1.236,0.048,-0.048
HAT-P-37,267572272.0,5500.0,100.0,-100.0,0.877,0.059,-0.044,0.929,0.043,-0.043
HAT-P-38,285272237.0,5330.0,100.0,-100.0,0.923,0.096,-0.067,0.886,0.044,-0.044
HAT-P-39,14770122.0,6430.0,100.0,-100.0,1.625,0.081,-0.62,1.404,0.051,-0.51
HAT-P-4,138294130.0,5860.0,80.0,-80.0,1.596,0.06,-0.075,1.248,0.07,-0.12
HAT-P-40,199671901.0,6080.0,100.0,-100.0,1.94,0.22,-0.22,1.03,0.4,-0.4
HAT-P-42,270468559.0,5743.0,50.0,-50.0,1.53,0.14,-0.14,1.178,0.068,-0.068
HAT-P-43,468987719.0,5693.0,62.0,-63.0,1.08,0.05,-0.05,1.03,0.04,-0.04
HAT-P-46,104866616.0,6120.0,100.0,-100.0,1.396,0.293,-0.136,1.284,0.095,-0.06
HAT-P-49,99224131.0,6820.0,52.0,-52.0,2.06,0.23,-0.23,2.22,0.83,-0.83
HAT-P-5,76419763.0,5960.0,100.0,-100.0,1.12,0.09,-0.09,1.04,0.29,-0.29
HAT-P-50,17746821.0,6280.0,49.0,-49.0,1.698,0.071,-0.071,1.273,0.049,-0.115
HAT-P-52,436875934.0,5131.0,50.0,-50.0,0.893,0.047,-0.047,0.887,0.027,-0.027
HAT-P-54,284326455.0,4390.0,50.0,-50.0,0.617,0.013,-0.013,0.645,0.02,-0.02
HAT-P-56,84339983.0,6566.0,50.0,-50.0,1.47,0.11,-0.11,1.42,0.33,-0.33
HAT-P-57,317520667.0,6330.0,124.0,-124.0,1.85,0.39,-0.39,2.77,1.74,-1.74
HAT-P-59,229400092.0,5678.0,16.0,-16.0,1.1038,0.0073,-0.0073,1.008,0.022,-0.022
HAT-P-6,176899385.0,6570.0,80.0,-80.0,1.62,0.17,-0.17,1.79,0.6,-0.6
HAT-P-67,198588220.0,6640.0,140.0,-130.0,2.62,0.03,-0.03,1.73,0.1,-0.1
HAT-P-69,379929661.0,7394.0,360.0,-600.0,1.926,0.06,-0.031,1.648,0.058,-0.026
HAT-P-7,424865156.0,6389.0,17.0,-17.0,2.0,0.28,-0.28,1.56,0.68,-0.68
HAT-P-8,188876052.0,6200.0,80.0,-80.0,1.57,0.15,-0.15,1.27,0.41,-0.41
HAT-P-9,371234684.0,6350.0,150.0,-150.0,1.338,0.065,-0.06,1.281,0.057,-0.056
HATS-1,219698950.0,5870.0,100.0,-100.0,1.038,0.128,-0.075,0.986,0.054,-0.054
HATS-14,29344935.0,5346.0,60.0,-60.0,0.933,0.023,-0.015,0.967,0.024,-0.024
HATS-2,413376180.0,5227.0,95.0,-95.0,0.876,0.02,-0.02,0.904,0.052,-0.052
HATS-27,248111245.0,6438.0,64.0,-64.0,1.74,0.17,-0.1,1.415,0.048,-0.048
HATS-30,281459670.0,5943.0,70.0,-70.0,1.061,0.039,-0.039,1.093,0.031,-0.031
HATS-42,98283926.0,6060.0,120.0,-120.0,1.48,0.2,-0.12,1.273,0.067,-0.067
HATS-44,32499655.0,5080.0,100.0,-100.0,0.847,0.036,-0.036,0.86,0.021,-0.021
HATS-45,4616072.0,6450.0,110.0,-110.0,1.315,0.064,-0.064,1.272,0.048,-0.048
HATS-46,281541555.0,5495.0,69.0,-69.0,0.853,0.04,-0.03,0.917,0.027,-0.027
HATS-51,53458803.0,5758.0,58.0,-58.0,1.44,0.18,-0.18,1.187,0.06,-0.06
HATS-54,363851359.0,5621.0,70.0,-70.0,1.23,0.02,-0.02,1.05,0.05,-0.05
HATS-56,272213425.0,6536.0,31.0,-31.0,2.201,0.036,-0.036,1.573,0.017,-0.017
HATS-59,437261733.0,5670.0,91.0,-91.0,1.036,0.067,-0.067,1.038,0.039,-0.039
HATS-6,33521996.0,3724.0,18.0,-18.0,0.57,0.011,-0.011,0.574,0.02,-0.027
HATS-61,44745133.0,5542.0,21.0,-21.0,1.664,0.024,-0.024,1.076,0.014,-0.014
HATS-68,322307342.0,6147.0,22.0,-22.0,1.748,0.026,-0.026,1.351,0.014,-0.014
HATS-71,234523599.0,3405.0,10.0,-10.0,0.4783,0.006,-0.006,0.4861,0.006,-0.006
HATS-75,44737596.0,3790.4,5.7,-5.7,0.5848,0.0026,-0.0026,0.6017,0.0074,-0.0055
HD 102195,397024052.0,5301.0,6.0,-6.0,0.82,0.01,-0.01,0.76,0.04,-0.04
HD 102956,137810576.0,4985.0,,,4.55,,,1.66,,
HD 103720,96195878.0,5017.0,88.0,-88.0,0.73,0.02,-0.02,0.794,0.04,-0.04
HD 103774,180205814.0,6489.0,77.0,-77.0,1.581047,0.050143,-0.042346,1.335,0.03,-0.03
HD 105618,397519199.0,5671.0,81.93,-129.83,1.27399,0.040488,-0.068869,1.01,0.129,-0.129
HD 108147,450491293.0,6255.73,126.62,-155.48,1.20664,0.059557,-0.059539,1.22,0.217431,-0.140237
HD 108236,260647166.0,5660.0,61.0,-61.0,0.877,0.008,-0.008,0.869,0.05,-0.048
HD 109271,429301734.0,5783.0,62.0,-62.0,1.294595,0.022541,-0.019857,1.047,0.024,-0.024
HD 109749,144289338.0,5824.0,,,1.22,0.09,-0.09,1.13,0.22,-0.22
HD 110067,347332255.0,5266.0,64.0,-64.0,0.788,0.008,-0.008,0.798,0.042,-0.042
HD 110082,383390264.0,6200.0,100.0,-100.0,1.19,0.06,-0.06,1.21,0.06,-0.06
HD 115404A,,,,,,,,,,
HD 118203,286923464.0,5742.0,93.0,-95.0,2.04,0.03,-0.03,1.27,0.028,-0.032
HD 12235,422679659.0,5986.0,92.66,-118.21,1.80185,0.08977,-0.055225,1.1,0.134,-0.134
HD 125595,180030300.0,4691.0,166.0,-166.0,0.74,0.05,-0.05,0.29,0.25,-0.25
HD 130322,189694184.0,5387.0,44.0,-44.0,0.85,0.04,-0.04,0.92,0.03,-0.03
HD 134060,454901855.0,5966.0,14.0,-14.0,1.164285,0.009495,-0.018391,1.095,,
HD 134606,262457542.0,5576.0,86.0,-85.0,1.158,0.039,-0.036,1.046,0.07,-0.059
HD 136352,136916387.0,5664.0,61.0,-61.0,1.058,0.019,-0.019,0.87,0.04,-0.04
HD 13808,220022156.0,5035.0,50.0,-50.0,0.781,0.017,-0.022,0.771,0.022,-0.022
HD 1397,394137592.0,5521.0,60.0,-60.0,2.336,0.052,-0.059,1.324,0.042,-0.046
HD 143105,272783172.0,6380.0,60.0,-60.0,1.647304,0.011231,-0.021426,1.51,0.11,-0.11
HD 144899,215687919.0,6126.0,149.78,-123.7,1.64802,0.085221,-0.07099,1.16,0.164,-0.164
HD 1461,37748347.0,5765.0,18.0,-18.0,1.152288,0.02711,-0.02711,1.02,,
HD 149026,255930614.0,6179.0,15.0,-15.0,1.41,0.03,-0.03,1.42,0.33,-0.33
HD 152843,349488688.0,6310.0,100.0,-100.0,1.43,0.02,-0.02,1.15,0.04,-0.04
HD 15337,120896927.0,5131.0,74.0,-74.0,0.855,0.008,-0.008,0.829,0.038,-0.038
HD 153557b,,,,,,,,,,
HD 153557c,,,,,,,,,,
HD 156668,257715493.0,4903.69,59.64,-59.64,0.774528,0.012146,-0.012146,0.785167,0.023876,-0.023876
HD 15906,4646810.0,4757.0,89.0,-89.0,0.762,0.005,-0.005,0.79,0.02,-0.036
HD 162020,367987991.0,4723.0,71.0,-71.0,0.75,0.03,-0.03,0.42,0.18,-0.18
HD 17156,302773669.0,6046.0,76.0,-72.0,1.517,0.038,-0.036,1.285,0.064,-0.062
HD 18143,436933294.0,5078.0,114.96,-141.0,0.87,0.03,-0.03,0.85,0.103,-0.103
HD 181433,410399074.0,4918.0,15.0,-15.0,0.79,0.01,-0.01,0.86,0.06,-0.06
HD 185269,213721036.0,5923.0,,,2.0,,,1.3,,
HD 18599,207141131.0,5145.0,50.0,-50.0,0.767,0.024,-0.024,0.863,0.02,-0.02
HD 187123,58559140.0,5790.0,157.71,-115.06,1.15043,0.055043,-0.064626,1.04,0.112096,-0.159473
HD 189567,352402781.0,5726.0,15.0,-15.0,1.04,0.03,-0.03,0.83,0.01,-0.01
HD 189733,256364928.0,5052.0,16.0,-16.0,0.75,0.01,-0.01,0.79,0.08,-0.08
HD 190007,345217789.0,4610.0,20.0,-20.0,0.79,0.039,-0.039,0.77,0.02,-0.02
HD 191939,269701147.0,5348.0,100.0,-100.0,0.94,0.02,-0.02,0.81,0.04,-0.04
HD 20003,370137704.0,5494.0,27.0,-27.0,0.921637,0.047725,-0.01585,0.875,,
HD 202772A,,,,,,,,,,
HD 20329,333657795.0,5596.0,50.0,-50.0,1.13,0.02,-0.02,0.9,0.05,-0.05
HD 207496,290348383.0,4819.0,94.0,-94.0,0.769,0.026,-0.026,0.8,0.04,-0.04
HD 20781,144503312.0,5256.0,29.0,-29.0,0.833609,0.02391,-0.022175,0.7,,
HD 209458,420814525.0,6091.0,10.0,-10.0,1.19,0.02,-0.02,1.23,0.09,-0.09
HD 212301,317057430.0,6239.0,24.0,-24.0,1.16,0.02,-0.02,1.55,0.16,-0.16
HD 213519,200215494.0,5840.0,91.61,-115.45,1.08287,0.052794,-0.035689,1.05,0.133,-0.133
HD 213885,403224672.0,5978.0,50.0,-50.0,1.1011,0.008,-0.0075,1.068,0.02,-0.018
HD 215497,469943599.0,5113.0,93.0,-93.0,0.85,0.04,-0.04,0.92,0.05,-0.05
HD 217107,38271828.0,5622.0,17.0,-17.0,1.2245,0.0173,-0.0173,1.045,0.018,-0.023
HD 219828,243085377.0,5891.0,18.0,-18.0,1.56,0.04,-0.04,1.04,0.124,-0.124
HD 22496,200851505.0,4385.0,21.0,-21.0,0.674,0.02,-0.02,0.684,0.013,-0.013
HD 22946,100990000.0,6169.0,64.0,-64.0,1.117,0.009,-0.009,1.098,0.04,-0.039
HD 235088,293954617.0,5075.0,75.0,-75.0,0.772,0.029,-0.029,0.849,0.009,-0.009
HD 238090,224289449.0,3933.0,51.0,-51.0,0.57,0.016,-0.016,0.578,0.021,-0.021
HD 24085,32001057.0,6034.0,32.0,-53.0,1.412551,0.025025,-0.015094,1.22,0.07,-0.07
HD 25463,407966340.0,6353.0,85.0,-77.0,1.4182,0.0241,-0.023,1.251,0.0248,-0.0229
HD 260655,307809773.0,3803.0,10.0,-10.0,0.439,0.003,-0.003,0.439,0.011,-0.011
HD 2638,244178536.0,5186.0,8.0,-8.0,0.94,0.03,-0.03,0.77,0.09,-0.09
HD 2685,267263253.0,6801.0,76.0,-76.0,1.56,0.05,-0.05,1.43,0.05,-0.04
HD 28109,29781292.0,6189.0,55.0,-55.0,1.425,0.048,-0.041,1.227,0.052,-0.052
HD 285507,389018596.0,4503.0,73.0,-73.0,0.69,0.02,-0.02,0.82,0.12,-0.12
HD 285968,397354290.0,3703.49,32.13,-32.13,0.478214,0.007882,-0.007882,0.5,,
HD 307842,460984940.0,5558.0,100.0,-100.0,0.907,0.017,-0.017,0.91,0.1,-0.1
HD 33283,13147218.0,5935.0,,,1.97,0.13,-0.13,1.38,0.24,-0.24
HD 37605,144730053.0,5329.0,,,0.91,0.05,-0.05,0.94,0.15,-0.15
HD 38529,200093173.0,5697.0,44.0,-44.0,2.857838,0.040402,-0.040402,0.98,0.125,-0.125
HD 39194,389506883.0,5205.0,23.0,-23.0,0.783742,0.038862,-0.063077,0.86,0.04,-0.04
HD 40307,374859347.0,4956.0,50.0,-50.0,0.716684,0.059818,-0.047911,0.77,0.05,-0.05
HD 45184,49831913.0,5869.0,14.0,-14.0,1.075139,0.024903,-0.024903,1.03,,
HD 45652,206948365.0,5294.0,,,0.94,0.04,-0.04,0.92,0.13,-0.13
HD 47186,101145648.0,5657.0,9.0,-9.0,1.08,0.01,-0.01,0.96,0.05,-0.05
HD 48948,88228576.0,4593.0,60.0,-60.0,0.679,0.004,-0.004,0.686,0.02,-0.013
HD 49674,21267079.0,5602.0,21.0,-21.0,1.02,0.01,-0.01,1.03,0.11,-0.11
HD 51608,279246287.0,5358.0,22.0,-22.0,0.916136,0.020985,-0.056048,0.8,,
HD 56414,300038935.0,8500.0,150.0,-150.0,1.751,0.065,-0.065,1.89,0.11,-0.11
HD 6061,352413427.0,5934.0,75.0,-78.0,1.0072,0.0169,-0.0161,1.0269,0.0317,-0.035
HD 63433,130181866.0,5688.0,28.0,-28.0,0.912,0.034,-0.034,0.99,0.03,-0.03
HD 63454,278380701.0,4812.0,28.0,-28.0,0.77,0.01,-0.01,0.42,0.03,-0.03
HD 63935,453211454.0,5513.0,71.0,-73.0,0.9598,0.0168,-0.0167,0.9406,0.0342,-0.0318
HD 68988,73312938.0,5932.0,23.0,-23.0,1.19,0.02,-0.02,1.28,0.09,-0.09
HD 69830,307624961.0,5385.0,20.0,-20.0,0.886947,0.019437,-0.019437,0.86,0.03,-0.03
HD 73583,101011575.0,4511.0,110.0,-110.0,0.65,0.02,-0.02,0.73,0.02,-0.02
HD 75289,181741837.0,6117.0,16.0,-16.0,1.23,0.02,-0.02,1.29,0.1,-0.1
HD 76700,302368715.0,5644.0,33.0,-33.0,1.37,0.03,-0.03,0.99,0.17,-0.17
HD 77946,39699648.0,6007.0,83.0,-88.0,1.3174,0.0249,-0.0142,1.1973,0.0308,-0.0289
HD 7924,468723402.0,5131.0,14.0,-14.0,0.78,0.01,-0.01,0.65,0.05,-0.05
HD 83443,32820141.0,5442.0,17.0,-17.0,0.94,0.02,-0.02,1.0,0.03,-0.03
HD 88133,27073220.0,5392.0,,,2.2,,,1.26,,
HD 89345,350020859.0,5576.0,73.0,-76.0,1.747,0.049,-0.05,1.157,0.04,-0.045
HD 93963A,,,,,,,,,,
HD 96700,23270430.0,5845.0,13.0,-13.0,1.16,0.04,-0.04,0.89,0.01,-0.01
HD 97658,82308728.0,5212.0,43.0,-43.0,0.728,0.008,-0.008,0.85,0.08,-0.08
HIP 14810,113810736.0,5544.0,,,1.07,0.08,-0.08,1.01,0.19,-0.19
HIP 48714,287165117.0,4015.5,166.5,-128.4,0.595456,0.01775,-0.01775,0.58,0.02,-0.02
HIP 54373,410407964.0,4021.0,226.0,-146.0,0.564998,0.016704,-0.016704,0.57,0.03,-0.03
HIP 65A,,,,,,,,,,
HIP 66074,298130822.0,4300.0,60.0,-60.0,0.69,0.013,-0.012,0.705,0.025,-0.023
HIP 91258,383675945.0,5519.0,70.0,-70.0,0.89,0.03,-0.03,0.97,0.28,-0.28
HIP 94235,464646604.0,5991.0,50.0,-50.0,1.08,0.11,-0.1,1.094,0.024,-0.007
HIP 97166,237222864.0,5216.0,52.0,-52.0,0.8418,0.0123,-0.0102,0.9342,0.0158,-0.0184
HR 858,178155732.0,6354.0,70.0,-70.0,1.258,0.019,-0.019,1.204,0.052,-0.052
HS Psc,353804063.0,4203.0,116.0,-116.0,0.65,0.07,-0.07,0.69,0.07,-0.07
K2-104,175194958.0,3712.0,54.0,-76.0,0.48,0.01,-0.01,0.51,0.02,-0.02
K2-114,366576758.0,4899.0,59.0,-58.0,0.832,0.022,-0.021,0.863,0.037,-0.031
K2-116,39936432.0,4348.35,86.1,-87.78,0.6694,0.030496,-0.029561,0.694512,0.069451,-0.069451
K2-119,293460551.0,4740.0,100.0,-100.0,0.71,0.01,-0.01,0.76,0.02,-0.02
K2-121,7059054.0,4526.0,110.0,-110.0,0.675,0.033,-0.033,0.71,0.03,-0.03
K2-122,14635562.0,4009.0,47.0,-44.0,0.59,0.01,-0.01,0.63,0.02,-0.02
K2-124,197221381.0,3570.0,63.0,-70.0,0.388,0.016,-0.009,0.39,0.013,-0.042
K2-133,150096001.0,3655.0,80.0,-80.0,0.455,0.022,-0.022,0.461,0.011,-0.011
K2-136,18310799.0,4500.0,125.0,-75.0,0.677,0.027,-0.027,0.742,0.039,-0.038
K2-141,301235044.0,4570.0,100.0,-100.0,0.681,0.018,-0.018,0.708,0.028,-0.028
K2-148,423358488.0,4079.0,70.0,-70.0,0.632,0.063,-0.063,0.65,0.061,-0.061
K2-149,429035886.0,3745.0,70.0,-70.0,0.568,0.057,-0.057,0.595,0.059,-0.059
K2-15,366696612.0,5131.0,69.0,-65.0,0.68,0.06,-0.03,0.72,0.06,-0.03
K2-150,376879419.0,3499.0,70.0,-70.0,0.436,0.044,-0.044,0.457,0.051,-0.051
K2-158,35021200.0,5503.0,51.0,-48.0,0.95,0.02,-0.02,0.92,0.03,-0.02
K2-167,69747919.0,6310.0,170.0,-170.0,1.499,0.077,-0.071,1.084,0.1,-0.097
K2-180,366411016.0,5365.0,92.0,-92.0,0.719,0.025,-0.023,0.735,0.035,-0.029
K2-181,366528389.0,5528.0,100.0,-100.0,1.06,0.042,-0.042,0.96,0.04,-0.04
K2-182,366631954.0,5128.0,79.0,-80.0,0.789,0.025,-0.023,0.823,0.036,-0.033
K2-187,332024125.0,5438.0,63.0,-63.0,0.83,0.11,-0.11,0.966999,0.025227,-0.024169
K2-21,240766850.0,4222.06,88.15,-84.41,0.646783,0.028803,-0.028216,0.676023,0.067602,-0.067602
K2-216,418761354.0,4503.0,69.0,-69.0,0.72,0.03,-0.03,0.7,0.03,-0.03
K2-22,363445338.0,3879.0,90.0,-90.0,0.58,0.03,-0.03,0.595292,0.059529,-0.059529
K2-226,176938958.0,5288.0,99.0,-99.0,0.889,0.034,-0.032,0.856,0.042,-0.03
K2-229,98720809.0,5315.0,35.0,-31.0,0.79,0.01,-0.01,0.87,0.01,-0.01
K2-237,16288184.0,6180.0,160.0,-140.0,1.236,0.043,-0.036,1.256,0.055,-0.062
K2-238,404243877.0,5630.0,78.0,-78.0,1.59,0.16,-0.16,1.19,0.08,-0.08
K2-246,56721373.0,5610.0,32.0,-29.0,0.94,0.03,-0.03,0.87,0.02,-0.02
K2-25,434226736.0,3207.0,58.0,-58.0,0.2932,0.0093,-0.0093,0.2634,0.0077,-0.0077
K2-253,98669309.0,6027.0,221.0,-240.0,1.1,0.04,-0.04,1.08,0.05,-0.08
K2-260,293612446.0,6860.0,150.0,-160.0,1.755,0.061,-0.078,1.637,0.065,-0.069
K2-261,281731203.0,5490.0,110.0,-110.0,1.663,0.071,-0.068,1.107,0.042,-0.047
K2-266,374180079.0,4285.0,49.0,-57.0,0.703,0.024,-0.022,0.686,0.033,-0.033
K2-275,332022997.0,4841.0,39.0,-37.0,0.69,0.01,-0.01,0.77,0.01,-0.01
K2-277,404421005.0,5680.0,120.0,-120.0,0.973,0.038,-0.035,0.974,0.053,-0.058
K2-28,39926974.0,3214.0,60.0,-60.0,0.288,0.028,-0.028,0.257,0.048,-0.048
K2-281,380884458.0,4812.0,72.0,-72.0,0.76,0.01,-0.01,0.82,0.03,-0.03
K2-282,266030192.0,5499.0,109.0,-109.0,1.0,0.04,-0.04,0.94,0.04,-0.04
K2-284,5882269.0,4140.0,50.0,-50.0,0.607,0.022,-0.022,0.63,0.01,-0.01
K2-3,173103335.0,3844.0,61.0,-63.0,0.546,0.018,-0.016,0.549,0.029,-0.027
K2-320,281748980.0,3157.0,7.0,-7.0,0.3,0.003,-0.003,0.117,0.011,-0.011
K2-321,277833995.0,3750.0,510.0,-520.0,0.595,0.031,-0.031,0.578,0.03,-0.03
K2-34,178217113.0,6168.0,46.0,-76.0,1.42,0.06,-0.05,1.16,0.04,-0.04
K2-35,363478257.0,4402.71,95.55,-93.27,0.619575,0.028977,-0.028268,0.701968,0.070197,-0.070197
K2-358,197241396.0,5650.0,193.0,-152.0,0.91,0.04,-0.04,0.93,0.06,-0.06
K2-415,323687123.0,3173.0,53.0,-53.0,0.1965,0.0058,-0.0058,0.1635,0.0041,-0.0041
K2-43,443616612.0,3840.6,98.8,-49.5,0.542,0.049,-0.022,0.571,0.111,-0.055
K2-44,49427836.0,5912.0,51.0,-51.0,1.58,0.15,-0.15,1.15,0.06,-0.06
K2-45,38087018.0,4103.0,90.0,-90.0,0.445,0.066,-0.066,0.503,0.078,-0.078
K2-77,435339847.0,5160.0,130.0,-130.0,0.792,0.027,-0.025,0.847,0.039,-0.038
K2-88,113979956.0,3537.0,93.0,-93.0,0.256,0.049,-0.049,0.258,0.066,-0.066
K2-91,56520147.0,3622.0,104.0,-104.0,0.284,0.041,-0.041,0.292,0.058,-0.058
K2-98,366410512.0,6260.0,170.0,-160.0,1.518,0.082,-0.076,1.246,0.078,-0.11
KELT-1,432549364.0,6516.0,49.0,-49.0,1.471,0.045,-0.035,1.335,0.063,-0.063
KELT-11,55092869.0,5375.0,25.0,-25.0,2.69,0.04,-0.04,1.44,0.07,-0.07
KELT-12,116242971.0,6279.0,51.0,-51.0,2.37,0.17,-0.17,1.591,0.07,-0.093
KELT-14,134537478.0,5720.0,130.0,-130.0,1.52,0.03,-0.03,1.239,0.039,-0.039
KELT-15,268644785.0,6003.0,54.0,-54.0,1.78,0.21,-0.21,2.06,0.75,-0.75
KELT-16,236445129.0,6236.0,54.0,-54.0,1.36,0.064,-0.053,1.211,0.043,-0.046
KELT-17,6893917.0,7454.0,49.0,-49.0,1.645,0.06,-0.055,1.635,0.066,-0.061
KELT-18,293687315.0,6670.0,120.0,-120.0,1.908,0.042,-0.035,1.524,0.069,-0.068
KELT-19 A,425206121.0,7500.0,110.0,-110.0,1.83,0.099,-0.099,1.62,0.25,-0.2
KELT-20,69679391.0,8720.0,250.0,-260.0,1.565,0.057,-0.064,1.76,0.14,-0.19
KELT-21,203189770.0,7598.0,81.0,-84.0,1.638,0.034,-0.034,1.458,0.029,-0.028
KELT-23 A,458478250.0,5899.0,49.0,-49.0,0.996,0.015,-0.015,0.944,0.06,-0.054
KELT-24,349827430.0,6426.0,93.0,-91.0,1.338,0.032,-0.03,1.268,0.063,-0.063
KELT-2 A,97735908.0,6327.0,80.0,-80.0,1.93,0.1,-0.1,1.54,0.28,-0.28
KELT-8,358516596.0,5754.0,54.0,-54.0,1.46,0.08,-0.08,0.81,0.21,-0.21
KELT-9,16740101.0,10170.0,450.0,-450.0,2.362,0.075,-0.063,2.52,0.25,-0.2
Kepler-10,377780790.0,5708.0,28.0,-28.0,1.065,0.009,-0.009,0.91,0.021,-0.021
Kepler-100,159654016.0,5825.0,75.0,-75.0,1.49,0.04,-0.04,1.08,0.06,-0.06
Kepler-1002,275494505.0,6144.0,47.25,-61.08,1.57,0.048,-0.04,1.22,0.051,-0.05
Kepler-1005,158215347.0,5782.0,68.03,-67.92,1.06,0.148,-0.104,1.0,0.037,-0.035
Kepler-1008,272491981.0,5066.0,79.91,-66.82,0.78,0.032,-0.026,0.81,0.033,-0.034
Kepler-1012,158986490.0,5556.0,77.89,-67.52,0.91,0.046,-0.037,0.95,0.033,-0.035
Kepler-1017,237188153.0,5473.0,93.16,-81.05,0.87,0.031,-0.027,0.93,0.035,-0.035
Kepler-1019,164556761.0,4433.0,43.73,-45.09,0.67,0.024,-0.036,0.7,0.031,-0.047
Kepler-102,123357864.0,4909.0,98.0,-98.0,0.724,0.018,-0.018,0.803,0.021,-0.021
Kepler-1037,272282253.0,5105.0,96.95,-70.71,0.78,0.039,-0.042,0.82,0.04,-0.045
Kepler-1049,158489095.0,3864.0,42.03,-41.5,0.49,0.026,-0.025,0.51,0.026,-0.026
Kepler-1053,137152419.0,4529.0,81.74,-98.25,0.69,0.03,-0.026,0.74,0.032,-0.035
Kepler-1062,120043084.0,4597.0,61.91,-73.2,0.7,0.023,-0.026,0.75,0.029,-0.038
Kepler-1067,351910733.0,5594.0,75.0,-83.0,0.934,0.127,-0.054,0.981,0.048,-0.066
Kepler-107,27988327.0,5854.0,61.0,-61.0,1.447,0.014,-0.014,1.238,0.029,-0.029
Kepler-1076,399955825.0,4868.0,38.24,-45.61,0.74,0.014,-0.019,0.79,0.026,-0.036
Kepler-1081,122066167.0,5345.0,67.9,-84.9,0.84,0.075,-0.049,0.88,0.039,-0.043
Kepler-1082,299218775.0,5923.0,80.65,-64.28,1.14,0.18,-0.13,1.03,0.055,-0.059
Kepler-1084,267749737.0,6113.0,63.72,-75.56,1.28,0.266,-0.172,1.12,0.075,-0.063
Kepler-1089,350810654.0,3753.0,32.38,-32.55,0.49,0.025,-0.026,0.52,0.026,-0.028
Kepler-1098,271763415.0,5794.0,204.81,-216.42,0.99,0.177,-0.107,0.99,0.096,-0.073
Kepler-1104,27186509.0,6417.0,90.52,-84.06,1.41,0.149,-0.104,1.3,0.061,-0.051
Kepler-112,272943597.0,5544.0,148.0,-148.0,0.841,0.203,-0.203,0.782,0.013,-0.009
Kepler-113,298834019.0,4725.0,74.0,-74.0,0.69,0.02,-0.02,0.75,0.06,-0.06
Kepler-1130,164882482.0,5403.0,53.01,-51.42,0.81,0.015,-0.015,0.9,0.018,-0.024
Kepler-1139,121458495.0,5550.0,105.36,-153.89,0.91,0.124,-0.061,0.94,0.044,-0.05
Kepler-1141,159393734.0,5791.0,58.41,-65.12,1.07,0.146,-0.099,1.01,0.033,-0.035
Kepler-1147,137757057.0,5941.0,84.81,-114.44,1.14,0.35,-0.13,1.09,0.088,-0.061
Kepler-1152,159382189.0,3964.0,46.47,-45.68,0.53,0.03,-0.027,0.55,0.035,-0.028
Kepler-1163,406950324.0,6302.0,69.67,-63.95,1.35,0.226,-0.134,1.22,0.073,-0.053
Kepler-1169,271354748.0,6191.0,80.54,-76.47,1.23,0.059,-0.053,1.24,0.038,-0.036
Kepler-1171,138888759.0,7044.0,277.69,-199.09,1.95,0.513,-0.384,1.58,0.179,-0.168
Kepler-1173,275490034.0,5252.0,92.48,-116.76,0.82,0.059,-0.042,0.86,0.041,-0.046
Kepler-1190,48504464.0,4730.0,39.96,-39.65,0.72,0.022,-0.035,0.76,0.033,-0.039
Kepler-12,405717754.0,5947.0,100.0,-100.0,1.483,0.025,-0.029,1.166,0.051,-0.054
Kepler-1206,27649203.0,4877.0,55.23,-79.61,0.75,0.027,-0.027,0.8,0.029,-0.035
Kepler-121,120765800.0,5311.0,200.0,-200.0,0.701,0.38,-0.38,0.859,0.036,-0.036
Kepler-1213,416266465.0,6050.0,74.56,-81.73,1.21,0.128,-0.093,1.14,0.045,-0.04
Kepler-1234,399956098.0,4967.0,56.4,-63.05,0.76,0.028,-0.033,0.8,0.034,-0.039
Kepler-1235,164830167.0,5541.0,78.94,-83.29,0.9,0.122,-0.057,0.93,0.043,-0.052
Kepler-1239,275496016.0,6564.0,153.47,-198.42,1.57,0.195,-0.16,1.4,0.081,-0.092
Kepler-1240,258203566.0,5682.0,103.27,-116.7,0.96,0.156,-0.077,0.98,0.048,-0.05
Kepler-1244,123447592.0,6680.0,94.5,-106.27,1.77,0.827,-0.328,1.46,0.264,-0.14
Kepler-126,159046962.0,6239.0,94.0,-94.0,1.358,0.024,-0.024,1.108,0.029,-0.029
Kepler-1263,158270568.0,5213.0,61.9,-74.37,0.8,0.05,-0.046,0.84,0.04,-0.045
Kepler-1264,159177065.0,5791.0,109.18,-145.15,0.98,0.182,-0.091,0.99,0.06,-0.064
Kepler-127,164881786.0,6106.0,106.0,-106.0,1.359,0.035,-0.035,1.248,0.014,-0.022
Kepler-1274,164781116.0,6179.0,54.41,-48.15,2.17,0.132,-0.124,1.45,0.058,-0.046
Kepler-1275,270521167.0,6296.0,202.94,-214.87,1.36,0.598,-0.232,1.23,0.206,-0.133
Kepler-1281,27458799.0,5353.0,86.5,-93.58,0.83,0.06,-0.053,0.87,0.044,-0.053
Kepler-1288,120577770.0,6132.0,87.95,-135.79,1.29,0.537,-0.17,1.2,0.162,-0.084
Kepler-1292,164830162.0,5556.0,63.0,-77.3,0.93,0.142,-0.064,0.95,0.044,-0.044
Kepler-1298,267667467.0,6339.0,64.06,-65.86,2.0,0.339,-0.346,1.45,0.122,-0.112
Kepler-130,121603794.0,5879.0,48.0,-51.0,1.17,0.1,-0.09,1.0,0.09,-0.1
Kepler-1302,417678115.0,5236.0,58.55,-77.09,0.82,0.059,-0.041,0.86,0.039,-0.043
Kepler-1303,164674711.0,5771.0,85.68,-110.62,1.0,0.237,-0.088,1.01,0.051,-0.054
Kepler-1308,120693011.0,3468.0,33.65,-30.71,0.34,0.03,-0.033,0.35,0.038,-0.037
Kepler-1310,120043638.0,5549.0,136.6,-124.53,0.88,0.095,-0.068,0.91,0.054,-0.058
Kepler-1313,63213622.0,5453.0,82.15,-76.05,0.85,0.025,-0.025,0.92,0.031,-0.034
Kepler-1319,417676990.0,3655.0,45.46,-50.09,0.54,0.018,-0.018,0.56,0.015,-0.019
Kepler-132,237158274.0,6003.0,146.0,-146.0,1.178,0.229,-0.229,0.929,0.035,-0.033
Kepler-1323,63452310.0,6169.0,74.24,-59.83,1.4,0.304,-0.215,1.18,0.111,-0.064
Kepler-1329,47977416.0,4500.0,38.73,-38.83,0.69,0.018,-0.022,0.72,0.02,-0.024
Kepler-133,28089143.0,5736.0,100.0,-100.0,1.425,0.236,-0.236,1.02,0.052,-0.052
Kepler-1332,159578257.0,5581.0,83.36,-69.91,0.9,0.036,-0.032,0.95,0.033,-0.038
Kepler-1335,164827658.0,4903.0,66.92,-62.59,0.74,0.029,-0.042,0.77,0.039,-0.044
Kepler-1339,48354224.0,5586.0,51.01,-56.05,0.93,0.064,-0.05,0.94,0.034,-0.036
Kepler-134,48448369.0,5983.0,150.0,-150.0,1.176,0.228,-0.228,0.956,0.0225,-0.0225
Kepler-1346,63066410.0,6133.0,118.39,-160.7,1.21,0.427,-0.155,1.14,0.149,-0.084
Kepler-1349,405719110.0,6086.0,98.49,-194.89,1.28,1.148,-0.191,1.16,0.41,-0.082
Kepler-1350,158664221.0,3827.0,45.42,-59.63,0.53,0.031,-0.05,0.55,0.032,-0.052
Kepler-1351,270609625.0,4439.0,82.58,-77.72,0.67,0.026,-0.036,0.7,0.031,-0.043
Kepler-1366,120421638.0,4070.0,63.0,-54.22,0.6,0.028,-0.036,0.62,0.032,-0.041
Kepler-1378,169459324.0,4407.0,93.22,-65.02,0.67,0.021,-0.019,0.7,0.021,-0.019
Kepler-138,159376971.0,3841.0,50.0,-51.0,0.535,0.013,-0.014,0.535,0.012,-0.012
Kepler-1393,120255638.0,5697.0,65.18,-56.74,0.92,0.049,-0.044,0.95,0.041,-0.046
Kepler-1394,164527695.0,6481.0,65.36,-62.24,2.55,0.346,-0.391,1.64,0.091,-0.124
Kepler-1395,63204326.0,6138.0,66.83,-60.63,1.23,0.12,-0.084,1.17,0.039,-0.033
Kepler-1398,27239111.0,6126.0,115.41,-125.42,1.18,0.371,-0.14,1.13,0.118,-0.081
Kepler-1402,26540675.0,5416.0,64.99,-74.47,0.87,0.084,-0.048,0.9,0.04,-0.043
Kepler-1406,137483383.0,5892.0,61.02,-55.69,1.12,0.177,-0.11,1.05,0.038,-0.038
Kepler-1414,164828419.0,4951.0,74.11,-76.49,0.75,0.032,-0.036,0.8,0.035,-0.043
Kepler-1421,399826842.0,6335.0,73.18,-69.44,1.42,0.293,-0.162,1.25,0.094,-0.063
Kepler-1434,27534458.0,6291.0,88.58,-88.27,2.04,0.368,-0.342,1.47,0.127,-0.118
Kepler-1439,120578712.0,3578.0,54.92,-51.71,0.43,0.04,-0.051,0.46,0.041,-0.056
Kepler-144,123409401.0,6075.0,131.0,-131.0,1.235,0.237,-0.237,1.154,0.019,-0.019
Kepler-1443,164525743.0,6289.0,83.36,-68.31,1.27,0.121,-0.089,1.19,0.046,-0.046
Kepler-1446,159050852.0,4865.0,43.69,-52.46,0.75,0.013,-0.012,0.81,0.019,-0.024
Kepler-145,159721091.0,6022.0,54.0,-54.0,1.85,0.05,-0.05,1.32,0.1,-0.1
Kepler-1471,416282121.0,5660.0,86.53,-104.98,0.93,0.137,-0.068,0.95,0.047,-0.061
Kepler-1487,184015844.0,5745.0,86.0,-77.0,3.955,0.688,-1.376,1.801,0.193,-0.359
Kepler-1497,272275278.0,5675.0,159.75,-169.0,0.95,0.157,-0.081,0.96,0.071,-0.061
Kepler-1517,158555987.0,7010.0,117.01,-113.2,1.95,0.53,-0.37,1.58,0.183,-0.153
Kepler-1520,417679385.0,4677.0,82.29,-71.28,0.71,0.026,-0.027,0.76,0.029,-0.035
Kepler-1522,267673944.0,5706.0,131.97,-100.71,0.93,0.121,-0.071,0.96,0.055,-0.058
Kepler-1525,290033595.0,5748.0,70.33,-66.29,1.04,0.055,-0.042,1.07,0.033,-0.034
Kepler-1526,120425617.0,4601.0,88.57,-73.91,0.69,0.026,-0.032,0.73,0.031,-0.037
Kepler-1531,120424814.0,6260.0,161.61,-182.91,1.27,0.548,-0.206,1.16,0.201,-0.115
Kepler-1542,279915941.0,5564.0,63.25,-63.29,0.99,0.133,-0.092,0.94,0.032,-0.031
Kepler-155,298969755.0,4508.0,100.0,-100.0,0.62,0.029,-0.029,0.635,0.016,-0.016
Kepler-156,122374620.0,5094.0,100.0,-100.0,0.807,0.053,-0.053,0.864,0.025,-0.027
Kepler-1561,272716728.0,5957.0,196.63,-233.87,1.11,0.268,-0.148,1.07,0.115,-0.086
Kepler-1566,237191392.0,5254.0,97.81,-89.64,0.81,0.057,-0.05,0.84,0.044,-0.046
Kepler-1571,185062313.0,6297.0,339.05,-313.54,1.39,0.623,-0.3,1.23,0.251,-0.159
Kepler-1576,121865123.0,5876.0,104.99,-147.58,1.06,0.284,-0.114,1.05,0.074,-0.067
Kepler-1578,158662813.0,5545.0,73.2,-74.33,0.86,0.085,-0.071,0.9,0.051,-0.067
Kepler-1581,121215710.0,6022.0,81.89,-66.79,1.23,0.205,-0.137,1.12,0.056,-0.041
Kepler-1583,158270841.0,5645.0,83.87,-81.55,0.91,0.121,-0.065,0.94,0.046,-0.056
Kepler-1598,158730471.0,5940.0,75.0,-88.75,1.09,0.309,-0.105,1.07,0.068,-0.062
Kepler-160,158555483.0,5471.0,115.0,-37.0,1.118,0.015,-0.045,1.003,0.036,-0.034
Kepler-1601,120571308.0,5869.0,90.84,-118.62,1.07,0.308,-0.115,1.04,0.065,-0.06
Kepler-1616,158274583.0,6266.0,93.46,-92.78,1.34,0.621,-0.194,1.21,0.194,-0.097
Kepler-1618,271546110.0,6620.0,213.78,-143.89,1.65,0.677,-0.292,1.41,0.216,-0.148
Kepler-162,273036401.0,5816.0,200.0,-200.0,0.958,0.509,-0.509,1.053,0.035,-0.034
Kepler-1624,137683938.0,3636.0,58.98,-53.35,0.47,0.032,-0.038,0.5,0.032,-0.039
Kepler-1626,184559893.0,6826.0,286.4,-316.8,1.85,0.597,-0.389,1.51,0.21,-0.196
Kepler-1627,120105470.0,5445.0,93.89,-121.15,0.84,0.087,-0.065,0.87,0.048,-0.056
Kepler-1639,48217852.0,6150.0,91.49,-82.94,1.18,0.344,-0.139,1.12,0.113,-0.077
Kepler-1646,158552258.0,3299.0,36.22,-41.07,0.26,0.054,-0.05,0.24,0.064,-0.058
Kepler-1649,137558813.0,3240.0,61.0,-61.0,0.2317,0.0049,-0.0049,0.1977,0.0051,-0.0051
Kepler-1651,48353358.0,3713.0,57.0,-53.0,0.503,0.03,-0.027,0.522,0.033,-0.031
Kepler-1655,120973167.0,6148.0,71.0,-71.0,1.03,0.02,-0.02,1.03,0.04,-0.04
Kepler-1656,120255950.0,5569.0,50.0,-50.0,1.1,0.13,-0.13,1.03,0.04,-0.04
Kepler-1658,,,,,,,,,,
Kepler-167,137686948.0,4884.0,69.0,-75.0,0.749,0.02,-0.02,0.777,0.034,-0.031
Kepler-1689,137218786.0,5731.43,120.33,-132.73,0.996208,0.054823,-0.044689,1.023,0.084746,-0.169567
Kepler-169,120689253.0,4997.0,100.0,-100.0,0.763,0.046,-0.046,0.825,0.007,-0.013
Kepler-1694,138425797.0,4954.0,122.0,-122.0,0.756284,,,0.82,,
Kepler-1698,138105005.0,4975.03,129.64,-121.74,0.741698,0.051109,-0.046554,0.822,0.114858,-0.077645
Kepler-17,273874849.0,5781.0,85.0,-85.0,1.01034,,,1.04,,
Kepler-170,120253745.0,5679.0,57.0,-57.0,1.035,0.058,-0.058,1.066,0.016,-0.028
Kepler-171,239229224.0,5642.0,200.0,-200.0,0.839,0.376,-0.376,0.978,0.029,-0.031
Kepler-1719,120314731.0,5687.0,114.0,-103.0,1.775,0.283,-0.46,1.08,0.123,-0.123
Kepler-1727,122376998.0,5349.0,167.0,-167.0,0.82,0.141,-0.082,0.824,0.096,-0.078
Kepler-1735,123206821.0,3975.0,71.0,-87.0,0.509,0.037,-0.037,0.535,0.03,-0.041
Kepler-1740,138479461.0,5705.0,76.0,-76.0,0.905,0.121,-0.052,0.943,0.052,-0.063
Kepler-1741,137689252.0,3683.0,73.0,-88.0,0.424,0.045,-0.055,0.454,0.037,-0.064
Kepler-1743,290035649.0,5855.0,105.0,-117.0,1.613,0.255,-0.351,1.266,0.098,-0.147
Kepler-1761,48421337.0,3871.0,77.0,-84.0,0.532,0.042,-0.027,0.573,0.031,-0.038
Kepler-1782,123202646.0,4931.0,98.0,-98.0,0.734,0.048,-0.03,0.794,0.035,-0.05
Kepler-18,273690178.0,5345.0,100.0,-100.0,1.108,0.051,-0.051,0.972,0.042,-0.042
Kepler-1800,169814632.0,5343.0,85.0,-74.0,2.506,0.468,-0.87,1.33,0.146,-0.341
Kepler-1806,399954605.0,5311.0,175.0,-159.0,0.788,0.132,-0.066,0.884,0.07,-0.104
Kepler-1814,399821831.0,4922.0,169.0,-169.0,0.823,0.062,-0.085,0.79,0.073,-0.054
Kepler-1825,63282889.0,5123.0,82.0,-82.0,0.847,0.044,-0.055,0.828,0.048,-0.035
Kepler-1828,137638020.0,5806.0,69.0,-87.0,0.899,0.084,-0.045,0.996,0.046,-0.066
Kepler-1832,269263219.0,5242.0,157.0,-157.0,0.722,0.096,-0.078,0.684,0.098,-0.042
Kepler-184,63119782.0,5788.0,200.0,-200.0,0.873,0.49,-0.49,0.872,0.024,-0.028
Kepler-1844,137817056.0,5776.0,181.0,-201.0,0.849,0.209,-0.075,0.939,0.098,-0.12
Kepler-1845,137892408.0,4703.0,74.0,-84.0,0.701,0.027,-0.041,0.686,0.05,-0.025
Kepler-1850,158389981.0,4239.0,84.0,-84.0,0.6,0.028,-0.031,0.611,0.033,-0.033
Kepler-1852,121465404.0,5237.0,157.0,-157.0,0.826,0.124,-0.057,0.927,0.046,-0.093
Kepler-186,268159861.0,3788.0,54.0,-54.0,0.472,0.052,-0.052,0.478,0.055,-0.055
Kepler-1864,394172692.0,5854.0,105.0,-128.0,0.979,0.148,-0.064,1.03,0.063,-0.076
Kepler-1867,271348323.0,5693.0,136.0,-153.0,0.816,0.21,-0.07,0.911,0.09,-0.1
Kepler-1869,63368895.0,5808.0,105.0,-128.0,0.902,0.138,-0.046,0.987,0.049,-0.078
Kepler-1870,138433618.0,5508.0,99.0,-110.0,0.84,0.107,-0.027,0.955,0.045,-0.067
Kepler-1872,123230993.0,5223.0,183.0,-183.0,0.885,0.147,-0.079,0.913,0.061,-0.081
Kepler-1876,171883078.0,6104.0,57.0,-57.0,1.477,0.021,-0.022,1.187,0.075,-0.088
Kepler-1877,271355270.0,5615.0,101.0,-123.0,0.936,0.132,-0.047,1.022,0.043,-0.074
Kepler-1880,121333305.0,4380.0,130.0,-143.0,0.53,0.041,-0.045,0.524,0.045,-0.034
Kepler-1888,122066892.0,5557.0,122.0,-78.0,1.249,0.212,-0.283,0.897,0.075,-0.038
Kepler-1890,137754713.0,6046.0,121.0,-133.0,1.396,0.238,-0.29,1.024,0.1,-0.073
Kepler-1898,121124617.0,5702.0,189.0,-172.0,1.125,0.347,-0.284,0.837,0.13,-0.07
Kepler-19,122375047.0,5544.0,20.0,-20.0,0.859,0.018,-0.018,0.936,0.04,-0.04
Kepler-1902,63370825.0,3729.0,75.0,-67.0,0.514,0.029,-0.037,0.52,0.037,-0.03
Kepler-1912,123444694.0,5734.0,104.0,-115.0,0.962,0.137,-0.074,0.977,0.062,-0.068
Kepler-1942,271350547.0,5834.0,157.0,-174.0,0.797,0.213,-0.071,0.852,0.095,-0.086
Kepler-1943,138100223.0,6032.0,168.0,-210.0,0.973,0.315,-0.105,1.055,0.139,-0.139
Kepler-1945,123408849.0,4991.0,149.0,-134.0,0.804,0.069,-0.089,0.767,0.087,-0.06
Kepler-1947,272180236.0,6040.0,201.0,-201.0,1.686,0.413,-0.709,0.984,0.137,-0.137
Kepler-1950,158388625.0,5455.0,162.0,-162.0,0.852,0.19,-0.127,0.759,0.122,-0.052
Kepler-1956,27233725.0,4391.0,118.0,-131.0,0.682,0.032,-0.06,0.671,0.057,-0.052
Kepler-1958,121943923.0,5749.0,153.0,-170.0,0.864,0.234,-0.078,0.961,0.095,-0.116
Kepler-1959,272173269.0,5071.0,153.0,-138.0,0.811,0.08,-0.088,0.768,0.095,-0.059
Kepler-1964,27991150.0,4803.0,170.0,-170.0,0.698,0.074,-0.056,0.752,0.061,-0.075
Kepler-1966,137627194.0,5009.0,74.0,-82.0,0.84,0.032,-0.064,0.797,0.054,-0.029
Kepler-197,27397848.0,6004.0,102.0,-102.0,1.12,0.033,-0.033,0.857,0.023,-0.019
Kepler-1972,121604440.0,5818.0,27.0,-27.0,1.384,0.05,-0.05,1.12,0.03,-0.03
Kepler-1982,121215807.0,6202.0,99.0,-149.0,1.122,0.205,-0.058,1.213,0.076,-0.093
Kepler-1994,273043474.0,5495.0,74.0,-82.0,0.961,0.115,-0.086,0.932,0.052,-0.047
Kepler-1998,164525250.0,5640.0,101.0,-113.0,0.921,0.131,-0.061,0.962,0.054,-0.068
Kepler-20,158554588.0,5495.0,50.0,-50.0,0.9164,0.0087,-0.0077,0.929,0.053,-0.053
Kepler-208,270781284.0,6092.0,100.0,-100.0,1.314,0.243,-0.243,1.082,0.03,-0.03
Kepler-213,159521326.0,5696.0,100.0,-100.0,1.195,0.223,-0.223,1.07,0.029,-0.028
Kepler-215,271352188.0,5739.0,164.0,-164.0,1.027,0.236,-0.236,0.788,0.018,-0.012
Kepler-216,270698499.0,6091.0,120.0,-120.0,1.26,0.243,-0.243,1.126,0.045,-0.043
Kepler-220,159759306.0,4632.0,100.0,-100.0,0.666,0.034,-0.034,0.729,0.0185,-0.0185
Kepler-221,272601375.0,5243.0,100.0,-100.0,0.821,0.075,-0.075,0.854,0.012,-0.016
Kepler-224,159642189.0,5018.0,100.0,-100.0,0.676,0.038,-0.038,0.777,0.02,-0.022
Kepler-227,26539443.0,5854.0,200.0,-200.0,1.091,0.547,-0.547,0.954,0.035,-0.034
Kepler-231,27006192.0,3767.0,150.0,-150.0,0.49,0.021,-0.021,0.58,0.014,-0.014
Kepler-237,258348597.0,4861.0,200.0,-200.0,0.725,0.383,-0.383,0.696,0.017,-0.017
Kepler-239,138641300.0,4914.0,100.0,-100.0,0.763,0.044,-0.044,0.757,0.019,-0.019
Kepler-244,158426969.0,5554.0,200.0,-200.0,0.803,0.338,-0.338,0.933,0.021,-0.026
Kepler-249,272942100.0,3568.0,150.0,-150.0,0.482,0.018,-0.018,0.510238,0.020399,-0.020399
Kepler-25,120960812.0,6354.0,27.0,-27.0,1.316,0.016,-0.015,1.165,0.027,-0.029
Kepler-261,137148674.0,5098.0,100.0,-100.0,0.794,0.05,-0.05,0.834,0.01,-0.01
Kepler-267,269357457.0,4258.0,100.0,-100.0,0.555,0.021,-0.021,0.541571,0.020592,-0.020592
Kepler-273,159726559.0,5626.0,200.0,-200.0,0.815,0.464,-0.464,0.756,0.026,-0.017
Kepler-282,164779321.0,5656.0,60.0,-60.0,0.89,0.36,-0.07,0.97,0.1,-0.12
Kepler-288,121785939.0,5918.0,250.0,-250.0,1.091,0.518,-0.518,0.842,0.022,-0.015
Kepler-29,273875635.0,5378.0,60.0,-60.0,0.732,0.033,-0.031,0.761,0.024,-0.028
Kepler-291,158631683.0,6002.0,200.0,-200.0,1.016,0.441,-0.441,1.023,0.031,-0.031
Kepler-295,164890864.0,5603.0,200.0,-200.0,0.898,0.473,-0.473,0.89,0.037,-0.044
Kepler-298,48217868.0,4465.0,100.0,-100.0,0.582,0.025,-0.025,0.66,0.015,-0.015
Kepler-301,48419097.0,5815.0,200.0,-200.0,0.9,0.481,-0.481,1.022,0.021,-0.029
Kepler-304,377909730.0,4731.0,100.0,-100.0,0.687,0.037,-0.037,0.737,0.005,-0.013
Kepler-305,171879024.0,5080.0,60.0,-60.0,0.8,0.2,-0.08,0.76,0.13,-0.06
Kepler-306,121660143.0,4954.0,100.0,-100.0,0.719,0.041,-0.041,0.75,0.024,-0.018
Kepler-309,273373488.0,4713.0,100.0,-100.0,0.721,0.04,-0.04,0.816,0.011,-0.023
Kepler-317,138890353.0,5497.0,200.0,-200.0,0.941,0.429,-0.429,0.865,0.064,-0.032
Kepler-319,121786630.0,5526.0,100.0,-100.0,0.903,0.125,-0.125,0.933,0.012,-0.016
Kepler-32,273590427.0,3900.0,200.0,-200.0,0.53,0.04,-0.04,0.58,0.05,-0.05
Kepler-320,275575525.0,6435.0,200.0,-200.0,1.108,0.519,-0.519,1.072,0.03,-0.029
Kepler-321,271046140.0,5740.0,100.0,-100.0,1.194,0.23,-0.23,1.024,0.028,-0.031
Kepler-335,272085033.0,5877.0,112.0,-112.0,1.854,0.35,-0.35,1.367,0.024,-0.022
Kepler-339,26817284.0,5631.0,200.0,-200.0,0.802,0.362,-0.362,0.87,0.01,-0.012
Kepler-348,169180792.0,6177.0,100.0,-100.0,1.359,0.251,-0.251,1.189,0.049,-0.019
Kepler-354,120578185.0,4648.0,200.0,-200.0,0.674,0.21,-0.21,0.652,0.016,-0.016
Kepler-356,137636895.0,6133.0,100.0,-100.0,1.335,0.243,-0.243,1.163,0.031,-0.036
Kepler-362,63069779.0,5788.0,200.0,-200.0,0.722,0.304,-0.304,0.904,0.021,-0.016
Kepler-37,164652245.0,5288.0,44.0,-44.0,0.772,,,0.8,,
Kepler-372,350810559.0,6509.0,200.0,-200.0,1.137,0.488,-0.488,1.202,0.0082,-0.0082
Kepler-381,164884235.0,6152.0,100.0,-100.0,1.568,0.35,-0.35,1.144,0.032,-0.033
Kepler-385,27082352.0,6326.0,250.0,-250.0,1.126,0.564,-0.564,0.992,0.034,-0.032
Kepler-390,137340986.0,5166.0,100.0,-100.0,0.776,0.053,-0.053,0.787,0.025,-0.015
Kepler-392,158796434.0,5938.0,226.0,-226.0,1.129,0.231,-0.231,0.874,0.024,-0.023
Kepler-393,159580535.0,6189.0,100.0,-100.0,1.382,0.263,-0.263,1.256,0.023,-0.021
Kepler-4,350814622.0,5857.0,120.0,-120.0,1.487,0.071,-0.084,1.223,0.053,-0.091
Kepler-40,272840455.0,6510.0,100.0,-100.0,2.13,0.06,-0.06,1.48,0.06,-0.06
Kepler-400,122707140.0,5886.0,100.0,-100.0,1.145,0.208,-0.208,1.08,0.04,-0.037
Kepler-402,158725491.0,6090.0,120.0,-120.0,1.264,0.244,-0.244,1.072,0.036,-0.029
Kepler-403,159174926.0,6090.0,100.0,-100.0,1.329,0.236,-0.236,1.299,0.0505,-0.0505
Kepler-407,405688133.0,5476.0,75.0,-75.0,1.01,0.07,-0.07,1.0,0.06,-0.06
Kepler-408,48450369.0,6104.0,74.0,-74.0,1.23,0.03,-0.03,1.08,0.07,-0.07
Kepler-411,399954349.0,4974.0,46.0,-51.0,0.82,0.018,-0.018,0.87,0.039,-0.039
Kepler-412,158170594.0,5750.0,90.0,-90.0,1.287,0.035,-0.035,1.167,0.091,-0.091
Kepler-414,28357724.0,5536.0,50.0,-50.0,0.946,,,0.89,,
Kepler-415,138365520.0,4362.0,87.0,-78.0,0.643,,,0.67,,
Kepler-42,63126862.0,3068.0,174.0,-174.0,0.17,0.04,-0.04,0.13,0.05,-0.05
Kepler-422,123495874.0,5972.0,84.0,-84.0,1.24,0.12,-0.12,1.15,0.06,-0.06
Kepler-423,63452790.0,5560.0,80.0,-80.0,0.95,0.04,-0.04,0.85,0.04,-0.04
Kepler-425,122441491.0,5170.0,70.0,-70.0,0.86,0.02,-0.02,0.93,0.05,-0.05
Kepler-431,123231081.0,6004.0,75.0,-75.0,1.092,0.191,-0.109,1.071,0.059,-0.037
Kepler-433,169556484.0,6360.0,140.0,-140.0,2.26,0.25,-0.25,1.46,0.17,-0.17
Kepler-435,63211674.0,6161.0,94.0,-94.0,3.21,0.3,-0.3,1.538,0.088,-0.088
Kepler-444,394172596.0,5046.0,74.0,-74.0,0.752,0.014,-0.014,0.758,0.043,-0.043
Kepler-446,123417850.0,3359.0,60.0,-60.0,0.24,0.04,-0.04,0.22,0.05,-0.05
Kepler-449,270779644.0,5649.18,124.08,-124.08,1.467,0.033,-0.033,1.02,0.033,-0.035
Kepler-45,137899948.0,3820.0,90.0,-90.0,0.55,0.11,-0.11,0.59,0.06,-0.06
Kepler-454,121276638.0,5687.0,49.0,-49.0,1.066,0.012,-0.012,1.03,0.04,-0.03
Kepler-471,268604331.0,6733.0,288.74,-288.8,1.8,0.652,-0.356,1.49,0.222,-0.182
Kepler-475,121108727.0,5009.0,85.0,-77.64,0.79,0.017,-0.015,0.86,0.027,-0.028
Kepler-477,158633329.0,5240.0,49.3,-41.14,0.79,0.018,-0.022,0.87,0.025,-0.031
Kepler-479,122682249.0,5247.0,73.63,-57.4,0.81,0.025,-0.024,0.86,0.032,-0.036
Kepler-48,171882123.0,5194.0,73.0,-73.0,0.89,0.05,-0.05,0.88,0.06,-0.06
Kepler-480,27187218.0,6322.0,71.6,-65.0,1.34,0.14,-0.1,1.25,0.05,-0.042
Kepler-484,164721759.0,5668.0,54.61,-48.74,0.87,0.02,-0.02,0.96,0.023,-0.026
Kepler-485,27318774.0,5958.0,105.05,-153.72,1.09,0.256,-0.123,1.07,0.082,-0.073
Kepler-491,158388163.0,5582.0,53.81,-61.11,1.03,0.092,-0.059,1.04,0.026,-0.028
Kepler-493,139104940.0,6457.0,210.24,-229.75,1.54,0.509,-0.26,1.36,0.159,-0.143
Kepler-495,120692092.0,5346.0,128.17,-91.17,0.83,0.067,-0.054,0.86,0.044,-0.052
Kepler-50,298896336.0,6225.0,66.0,-66.0,1.58,0.02,-0.02,1.24,0.05,-0.05
Kepler-504,164832454.0,3519.0,19.31,-19.67,0.33,0.016,-0.016,0.33,0.02,-0.02
Kepler-506,120317234.0,6236.0,57.77,-58.08,1.19,0.024,-0.023,1.19,0.028,-0.033
Kepler-518,121112251.0,5842.0,57.63,-51.77,0.88,0.019,-0.019,0.96,0.019,-0.024
Kepler-52,399825554.0,4075.0,,,0.52,,,0.54,,
Kepler-523,164654277.0,5515.0,51.74,-48.73,0.86,0.024,-0.026,0.93,0.028,-0.034
Kepler-526,273377282.0,5894.0,80.86,-84.44,1.14,0.068,-0.058,1.15,0.037,-0.041
Kepler-536,28234096.0,5524.0,91.48,-143.16,0.89,0.109,-0.064,0.92,0.046,-0.057
Kepler-537,267673013.0,5763.0,62.32,-50.52,0.99,0.029,-0.028,1.07,0.025,-0.027
Kepler-541,138569175.0,6166.0,102.75,-99.75,2.06,0.324,-0.328,1.41,0.121,-0.163
Kepler-547,158171456.0,4828.0,40.1,-46.81,0.73,0.023,-0.036,0.78,0.032,-0.041
Kepler-550,273376082.0,5322.0,98.03,-122.84,0.83,0.064,-0.05,0.87,0.045,-0.052
Kepler-560,239275865.0,3556.0,30.41,-23.6,0.33,0.016,-0.018,0.34,0.021,-0.021
Kepler-564,272838324.0,5626.0,144.83,-126.35,0.92,0.13,-0.071,0.95,0.058,-0.062
Kepler-571,243271972.0,5527.0,75.23,-79.46,0.9,0.109,-0.054,0.93,0.04,-0.045
Kepler-575,121022533.0,5710.0,114.7,-145.72,0.95,0.125,-0.078,0.97,0.055,-0.057
Kepler-578,121734474.0,5334.0,117.14,-106.87,0.83,0.068,-0.052,0.87,0.045,-0.049
Kepler-586,275490218.0,5575.0,149.33,-103.88,0.92,0.119,-0.066,0.94,0.054,-0.051
Kepler-588,164723136.0,5835.0,73.84,-83.13,1.0,0.187,-0.084,1.01,0.053,-0.066
Kepler-6,27916356.0,5647.0,44.0,-44.0,1.391,0.017,-0.034,1.209,0.044,-0.038
Kepler-60,158923465.0,5905.0,144.0,-144.0,1.257,0.094,-0.094,1.041,0.077,-0.077
Kepler-605,158423850.0,5462.0,67.28,-73.73,0.88,0.096,-0.051,0.91,0.04,-0.04
Kepler-607,159579593.0,5196.0,94.48,-118.36,0.8,0.048,-0.044,0.84,0.041,-0.045
Kepler-608,270786157.0,5820.0,226.58,-187.94,1.01,0.199,-0.113,1.0,0.093,-0.069
Kepler-622,120254625.0,4201.0,46.67,-36.96,0.61,0.021,-0.021,0.64,0.027,-0.025
Kepler-625,137414304.0,5789.0,46.81,-43.94,0.96,0.025,-0.02,1.04,0.024,-0.02
Kepler-629,122063843.0,5444.0,71.98,-60.2,0.84,0.019,-0.021,0.93,0.027,-0.028
Kepler-63,299158887.0,5576.0,50.0,-50.0,0.901,0.027,-0.022,0.984,0.035,-0.04
Kepler-633,138969239.0,5877.0,105.0,-129.0,1.265,0.199,-0.243,0.997,0.089,-0.073
Kepler-634,137089993.0,6075.0,86.22,-77.53,1.24,0.193,-0.161,1.03,0.085,-0.066
Kepler-638,120420633.0,5382.0,50.1,-59.39,0.93,0.286,-0.091,0.88,0.044,-0.036
Kepler-639,137409501.0,5896.0,76.96,-59.62,1.29,0.256,-0.179,1.14,0.085,-0.057
Kepler-644,271669616.0,6747.0,156.03,-238.58,1.81,0.668,-0.349,1.49,0.221,-0.165
Kepler-65,121731834.0,6211.0,66.0,-66.0,1.41,0.03,-0.03,1.25,0.06,-0.06
Kepler-652,158660814.0,5490.0,43.22,-40.88,0.88,0.017,-0.015,0.97,0.019,-0.017
Kepler-670,27990610.0,5709.0,89.42,-134.39,0.99,0.221,-0.091,0.99,0.054,-0.057
Kepler-68,417676622.0,5847.0,75.0,-75.0,1.2564,0.0084,-0.0084,1.057,0.022,-0.02
Kepler-680,26473621.0,5890.0,77.37,-99.2,1.11,0.375,-0.114,1.08,0.099,-0.057
Kepler-69,275573429.0,5638.0,168.0,-168.0,0.93,0.18,-0.12,0.81,0.09,-0.081
Kepler-695,171974763.0,5181.0,199.46,-197.86,0.8,0.062,-0.048,0.84,0.052,-0.048
Kepler-7,121660904.0,5933.0,44.0,-44.0,1.966,0.013,-0.013,1.359,0.031,-0.031
Kepler-704,237157729.0,5616.0,77.94,-102.76,0.96,0.219,-0.077,0.97,0.045,-0.047
Kepler-716,159377404.0,5012.0,122.0,-122.0,0.742183,,,0.83,,
Kepler-718,268924036.0,6191.0,307.31,-307.12,1.3,0.547,-0.245,1.18,0.234,-0.139
Kepler-719,271767300.0,5777.0,199.43,-220.79,0.98,0.21,-0.103,0.99,0.08,-0.07
Kepler-720,268159158.0,5618.0,328.49,-250.53,0.92,0.176,-0.087,0.95,0.111,-0.068
Kepler-723,164786087.0,5539.0,75.49,-85.21,0.89,0.115,-0.058,0.92,0.043,-0.046
Kepler-729,158269049.0,5633.0,71.02,-56.34,0.91,0.107,-0.063,0.94,0.04,-0.056
Kepler-732,164555597.0,3631.0,35.05,-37.03,0.46,0.025,-0.034,0.49,0.025,-0.034
Kepler-743,271760755.0,5486.0,77.47,-78.82,0.85,0.019,-0.02,0.94,0.025,-0.032
Kepler-77,159098316.0,5520.0,60.0,-60.0,0.99,0.02,-0.02,0.95,0.04,-0.04
Kepler-771,121276933.0,5906.0,145.88,-193.81,1.05,0.179,-0.113,1.03,0.081,-0.073
Kepler-776,121114760.0,5071.0,57.15,-86.62,0.78,0.039,-0.035,0.83,0.036,-0.041
Kepler-78,270701667.0,5058.0,50.0,-50.0,0.7475,0.0077,-0.0078,0.779,0.032,-0.046
Kepler-783,159642390.0,5411.49,35.87,-35.87,0.872088,,,0.94,,
Kepler-796,121214909.0,5475.0,79.05,-84.69,1.09,0.302,-0.181,0.93,0.04,-0.036
Kepler-8,123233041.0,6213.0,150.0,-150.0,1.486,0.053,-0.062,1.213,0.067,-0.062
Kepler-80,184296619.0,4540.0,100.0,-100.0,0.678,0.023,-0.023,0.73,0.03,-0.03
Kepler-806,272172942.0,5770.0,59.8,-67.82,1.16,0.338,-0.18,0.99,0.066,-0.055
Kepler-81,270611154.0,4385.0,49.1,-36.59,0.59,0.03,-0.03,0.64,0.38,-0.23
Kepler-821,120573482.0,5191.0,130.91,-100.75,0.8,0.05,-0.041,0.84,0.042,-0.05
Kepler-83,123416515.0,4648.0,116.0,-116.0,0.594,0.033,-0.033,0.58,0.029,-0.031
Kepler-834,158392088.0,4554.0,50.38,-45.2,0.66,0.026,-0.025,0.7,0.034,-0.033
Kepler-84,170646917.0,6031.0,143.0,-143.0,1.169,0.219,-0.219,1.06,0.057,-0.06
Kepler-844,298836607.0,4128.0,46.09,-46.95,0.57,0.025,-0.028,0.59,0.033,-0.037
Kepler-847,48352404.0,4940.0,51.58,-54.72,0.77,0.032,-0.025,0.83,0.031,-0.037
Kepler-848,26817863.0,5695.0,70.35,-79.05,1.2,0.183,-0.174,1.01,0.042,-0.04
Kepler-850,26751527.0,5932.0,89.3,-95.55,1.09,0.288,-0.119,1.06,0.067,-0.062
Kepler-853,48419201.0,6350.0,60.54,-55.18,1.55,0.437,-0.245,1.3,0.139,-0.078
Kepler-855,271431851.0,5835.0,99.82,-156.07,1.03,0.21,-0.1,1.03,0.065,-0.066
Kepler-862,273379660.0,5333.0,86.45,-134.35,0.84,0.071,-0.051,0.88,0.043,-0.046
Kepler-868,123447451.0,5614.0,75.11,-68.84,0.89,0.088,-0.064,0.93,0.046,-0.06
Kepler-880,351803495.0,6900.0,184.0,-204.0,2.599,0.523,-0.85,1.714,0.17,-0.316
Kepler-881,158936201.0,5961.0,102.59,-115.91,1.09,0.262,-0.114,1.06,0.077,-0.069
Kepler-889,26474039.0,5961.0,75.23,-59.95,1.25,0.22,-0.141,1.14,0.065,-0.049
Kepler-894,158838278.0,5603.0,83.94,-60.71,0.85,0.093,-0.08,0.87,0.061,-0.069
Kepler-895,299217801.0,4315.0,42.14,-38.65,0.61,0.021,-0.022,0.65,0.029,-0.028
Kepler-898,158272820.0,4223.0,42.74,-38.02,0.62,0.017,-0.02,0.65,0.026,-0.026
Kepler-908,139106731.0,5973.0,89.43,-95.84,1.12,0.079,-0.067,1.11,0.04,-0.039
Kepler-91,352011875.0,4550.0,75.0,-75.0,6.3,0.16,-0.16,1.31,0.1,-0.1
Kepler-910,272178989.0,6230.0,78.42,-71.69,1.5,0.033,-0.032,1.26,0.034,-0.032
Kepler-918,28450124.0,6028.0,134.42,-163.81,1.14,0.261,-0.124,1.11,0.095,-0.071
Kepler-922,48448415.0,5671.0,64.06,-65.37,0.93,0.113,-0.072,0.95,0.046,-0.054
Kepler-923,138574253.0,5988.0,82.2,-64.57,1.26,0.255,-0.171,1.11,0.071,-0.044
Kepler-93,137151335.0,5669.0,75.0,-75.0,0.92,0.02,-0.02,0.91,0.06,-0.06
Kepler-94,123309556.0,4781.0,98.0,-98.0,0.76,0.03,-0.03,0.81,0.06,-0.06
Kepler-960,123357476.0,4755.0,41.26,-40.53,0.72,0.023,-0.03,0.77,0.033,-0.038
Kepler-974,120418600.0,3687.0,38.83,-36.96,0.5,0.018,-0.02,0.52,0.02,-0.021
Kepler-989,123357893.0,5074.0,52.66,-53.62,0.78,0.037,-0.038,0.82,0.035,-0.042
Kepler-99,169462917.0,4782.0,129.0,-129.0,0.73,0.04,-0.04,0.79,0.06,-0.06
Kepler-990,273591945.0,5948.0,211.07,-213.6,1.08,0.269,-0.142,1.05,0.122,-0.087
Kepler-994,158983792.0,3934.0,38.91,-35.14,0.54,0.022,-0.022,0.56,0.026,-0.027
Kepler-997,299159378.0,6150.0,62.57,-54.96,1.56,0.374,-0.3,1.22,0.147,-0.081
Kepler-998,27914290.0,6058.0,104.5,-165.4,1.18,0.308,-0.149,1.12,0.098,-0.083
KOI-13,158324245.0,7650.0,250.0,-250.0,1.74,0.04,-0.04,1.72,0.1,-0.1
KOI-217,271354351.0,5545.0,,,0.86,0.02,,0.95,0.05,
KOI-4777,158427808.0,3515.0,69.0,-69.0,0.4,0.01,-0.01,0.41,0.02,-0.02
KOI-55,184427882.0,27730.0,270.0,-270.0,0.203,0.007,-0.007,0.496,0.002,-0.002
KOI-7368,27010191.0,5241.0,100.0,-100.0,0.874,0.036,-0.036,0.879,0.018,-0.018
KOI-94,273231214.0,6182.0,58.0,-58.0,1.52,0.14,-0.14,1.277,0.05,-0.05
KPS-1,99834717.0,5165.0,90.0,-90.0,0.907,0.086,-0.082,0.892,0.09,-0.1
L 168-9,234994474.0,3842.0,32.0,-32.0,0.604,0.037,-0.037,0.614,0.055,-0.055
L 363-38,118585685.0,3129.0,6.0,-6.0,0.274,,,0.21,0.014,-0.014
L 98-59,307210830.0,3415.0,60.0,-60.0,0.3155,0.0062,-0.0062,0.2923,0.0067,-0.0067
LHS 1140,92226327.0,3096.0,48.0,-48.0,0.2159,0.003,-0.003,0.1844,0.0045,-0.0045
LHS 1478,396562848.0,3381.0,54.0,-54.0,0.246,0.008,-0.008,0.236,0.012,-0.012
LHS 1815,260004324.0,3643.0,142.0,-142.0,0.501,0.03,-0.03,0.502,0.015,-0.015
LHS 3154,24108819.0,2861.0,77.0,-77.0,0.1405,0.0038,-0.0038,0.1118,0.0027,-0.0027
LHS 3844,410153553.0,3036.0,77.0,-77.0,0.189,0.006,-0.006,0.151,0.014,-0.014
LHS 475,369327947.0,3300.0,80.0,-30.0,0.2789,0.0014,-0.0014,0.262,,
LSPM J2116+0234,387518186.0,3475.0,51.0,-51.0,0.431,0.015,-0.015,0.43,0.031,-0.031
LTT 1445A,,,,,,,,,,
LTT 9779,183985250.0,5443.0,14.0,-13.0,0.949,0.006,-0.006,1.02,0.02,-0.03
MASCARA-4,371443216.0,7800.0,200.0,-200.0,1.79,0.04,-0.04,1.75,0.05,-0.05
NGTS-2,125739286.0,6478.0,94.0,-89.0,1.702,0.047,-0.044,1.64,0.19,-0.22
NGTS-9,176685457.0,6330.0,130.0,-130.0,1.38,0.04,-0.04,1.34,0.05,-0.05
OGLE-TR-10,130150682.0,5950.0,130.0,-130.0,1.17,0.13,-0.11,1.14,0.1,-0.12
OGLE-TR-132,465144510.0,6210.0,75.0,-75.0,1.32,0.17,-0.12,1.305,0.075,-0.067
OGLE-TR-182,466884459.0,5924.0,64.0,-64.0,1.14,0.23,-0.06,1.14,0.05,-0.05
OGLE-TR-211,390001646.0,6325.0,91.0,-91.0,1.64,0.21,-0.07,1.33,0.05,-0.05
OGLE-TR-56,1425441246.0,6050.0,100.0,-100.0,1.363,0.089,-0.086,1.228,0.072,-0.078
POTS-1,341694238.0,4400.0,200.0,-200.0,0.588,0.02,-0.028,0.695,0.05,-0.05
Pr0201,175290574.0,6174.0,50.0,-50.0,1.15,0.12,-0.12,1.24,0.39,-0.39
Qatar-1,236887394.0,5013.0,93.0,-88.0,0.803,0.016,-0.016,0.838,0.043,-0.041
Qatar-10,229791084.0,6124.0,46.0,-46.0,1.254,0.026,-0.026,1.156,0.068,-0.068
Qatar-7,291685334.0,6387.0,38.0,-38.0,1.564,0.021,-0.021,1.409,0.026,-0.026
Qatar-8,103751498.0,5738.0,51.0,-51.0,1.315,0.02,-0.02,1.029,0.051,-0.051
Ross 128,325275315.0,3192.0,60.0,-60.0,0.1967,0.0077,-0.0077,0.168,0.017,-0.017
SPECULOOS-3,230741378.0,2800.0,29.0,-29.0,0.123,0.0022,-0.0022,0.1009,0.0024,-0.0024
TAP 26,435907158.0,4620.0,50.0,-50.0,1.17,0.17,-0.17,1.04,0.1,-0.1
tau Boo,72506701.0,6466.27,115.27,-96.8,1.42588,0.064285,-0.050469,1.32,0.243739,-0.184934
Teegarden''s Star,257870150.0,3034.0,45.0,-45.0,0.12,0.012,-0.012,0.097,0.01,-0.01
TIC 237913194,237913194.0,5788.0,80.0,-80.0,1.088,0.012,-0.012,1.026,0.057,-0.055
TIC 257060897,257060897.0,5993.0,89.0,-83.0,1.863,0.05,-0.054,1.187,0.11,-0.058
TIC 393818343,393818343.0,5756.0,67.0,-66.0,1.086,0.02,-0.02,1.082,0.055,-0.056
TOI-1064,79748331.0,4734.0,67.0,-67.0,0.726,0.007,-0.007,0.748,0.032,-0.032
TOI-1075,351601843.0,3875.0,75.0,-75.0,0.581,0.024,-0.024,0.604,0.03,-0.03
TOI-1107,394561119.0,6311.0,98.0,-98.0,1.81,0.06,-0.06,1.35,0.08,-0.08
TOI-1130,254113311.0,4360.0,108.0,-108.0,0.697,0.005,-0.004,0.745,0.007,-0.009
TOI-1135,154872375.0,5962.7,,,1.15,,,1.156039,,
TOI-1136,142276270.0,5770.0,50.0,-50.0,0.968,0.036,-0.036,1.022,0.027,-0.027
TOI-1173,232967440.0,5350.0,34.0,-34.0,0.934,0.011,-0.011,0.911,0.028,-0.03
TOI-1174,154089169.0,5030.0,60.0,-60.0,0.76,0.05,-0.05,0.85,0.1,-0.1
TOI-1180,158002130.0,4738.0,139.0,-139.0,0.73,0.05,-0.05,0.75,0.09,-0.09
TOI-1181,229510866.0,6054.0,81.0,-81.0,1.961,0.03,-0.03,1.467,0.024,-0.024
TOI-1184,233087860.0,4534.0,128.0,-128.0,0.69,0.06,-0.06,0.71,0.08,-0.08
TOI-1194,147950620.0,5394.0,65.0,-63.0,0.9608,0.0158,-0.015,0.9835,0.0298,-0.029
TOI-122,231702397.0,3403.0,100.0,-100.0,0.334,0.01,-0.01,0.312,0.007,-0.007
TOI-1224,299798795.0,3326.0,66.0,-66.0,0.404,0.012,-0.012,0.4,0.01,-0.01
TOI-1227,360156606.0,3072.0,74.0,-74.0,0.56,0.03,-0.03,0.17,0.015,-0.015
TOI-1235,103633434.0,3997.0,51.0,-51.0,0.619,0.019,-0.019,0.63,0.024,-0.024
TOI-1244,219850915.0,4599.0,123.0,-123.0,0.721,0.053,-0.053,0.73,0.09,-0.09
TOI-1246,230127302.0,5213.0,71.0,-67.0,0.8649,0.0187,-0.0177,0.8889,0.0303,-0.0302
TOI-1248,232612416.0,5205.0,56.0,-62.0,0.8686,0.0133,-0.0134,0.9042,0.0273,-0.0275
TOI-125,52368076.0,5320.0,39.0,-39.0,0.848,0.011,-0.011,0.859,0.044,-0.038
TOI-1259 A,288735205.0,4775.0,100.0,-100.0,0.711,0.02,-0.019,0.744,0.064,-0.059
TOI-1260,355867695.0,4227.0,85.0,-85.0,0.672,0.01,-0.01,0.679,0.095,-0.057
TOI-1266,467179528.0,3563.0,77.0,-77.0,0.4232,0.0077,-0.0079,0.437,0.021,-0.021
TOI-1268,142394656.0,5300.0,100.0,-100.0,0.92,0.06,-0.06,0.96,0.04,-0.04
TOI-1269,198241702.0,5499.0,63.0,-60.0,0.8521,0.0144,-0.0131,0.9027,0.0249,-0.0262
TOI-1272,417948359.0,5065.0,52.0,-50.0,0.7934,0.0102,-0.0096,0.8772,0.0145,-0.0164
TOI-1273,445859771.0,5690.0,40.0,-40.0,1.06,0.02,-0.02,1.06,0.06,-0.06
TOI-1279,224297258.0,5457.0,67.0,-68.0,0.8426,0.0138,-0.0128,0.8784,0.0267,-0.0253
TOI-128,391949880.0,6086.0,,,1.13,,,0.851969,,
TOI-1288,365733349.0,5388.0,68.0,-66.0,0.9583,0.0166,-0.0167,0.9552,0.0319,-0.0304
TOI-1294,219015370.0,5718.0,58.0,-78.0,1.5566,0.0297,-0.0266,1.1578,0.0638,-0.0508
TOI-1296,219854185.0,5567.0,78.0,-72.0,1.7031,0.033,-0.0303,1.1576,0.0277,-0.0227
TOI-1298,237104103.0,5752.0,69.0,-99.0,1.4536,0.0275,-0.0239,1.2187,0.0246,-0.0568
TOI-1333,395171208.0,6274.0,97.0,-97.0,1.925,0.064,-0.063,1.464,0.076,-0.079
TOI-1347,229747848.0,5464.0,100.0,-100.0,0.83,0.03,-0.03,0.913,0.033,-0.033
TOI-1408,364186197.0,6117.0,31.0,-31.0,1.53,0.02,-0.02,1.312,0.009,-0.009
TOI-1410,199444169.0,4635.0,52.0,-52.0,0.7558,0.024,-0.02,0.7941,0.0209,-0.0225
TOI-1411,116483514.0,4115.0,42.0,-45.0,0.614,0.0185,-0.0169,0.6045,0.0148,-0.0129
TOI-1416,158025009.0,4884.0,70.0,-70.0,0.793,0.036,-0.028,0.798,0.035,-0.044
TOI-1420,321857016.0,5510.0,110.0,-110.0,0.923,0.024,-0.024,0.987,0.048,-0.048
TOI-1431,375506058.0,7690.0,400.0,-250.0,1.92,0.07,-0.07,1.9,0.1,-0.08
TOI-1442,235683377.0,3330.0,160.0,-160.0,0.31,0.01,-0.01,0.29,0.02,-0.02
TOI-1444,258514800.0,5460.0,66.0,-66.0,0.9105,0.0154,-0.0146,0.9513,0.0299,-0.0321
TOI-1448,343628284.0,3412.0,28.0,-32.0,0.38,0.007,-0.007,0.372,0.009,-0.009
TOI-1452,420112589.0,3185.0,50.0,-50.0,0.275,0.009,-0.009,0.249,0.008,-0.008
TOI-1467,240968774.0,3834.0,157.0,-157.0,0.491,0.015,-0.015,0.489,0.02,-0.02
TOI-1470,284441182.0,3709.0,11.0,-11.0,0.469,0.003,-0.003,0.471,0.011,-0.011
TOI-1472,306955329.0,5100.0,50.0,-50.0,0.84,0.02,-0.02,0.87,0.06,-0.06
TOI-1478,409794137.0,5597.0,83.0,-82.0,1.048,0.03,-0.029,0.947,0.059,-0.041
TOI-150,271893367.0,6255.0,90.0,-90.0,1.526,0.012,-0.012,1.351,0.038,-0.026
TOI-1518,427761355.0,7299.0,98.0,-100.0,1.942,0.043,-0.043,1.88,0.13,-0.12
TOI-157,140691463.0,5404.0,70.0,-67.0,1.167,0.017,-0.014,0.948,0.023,-0.018
TOI-163,179317684.0,6495.0,90.0,-90.0,1.648,0.023,-0.025,1.4352,0.029,-0.028
TOI-1634,201186294.0,3472.0,70.0,-70.0,0.45,0.016,-0.016,0.451,0.015,-0.015
TOI-1670,441739020.0,6170.0,61.0,-61.0,1.316,0.019,-0.019,1.21,0.02,-0.02
TOI-1680,259168516.0,3225.0,99.0,-100.0,0.2106,0.0061,-0.0048,0.1798,0.0044,-0.0044
TOI-1683,58542531.0,4402.0,,,0.7,,,0.694661,,
TOI-169,183120439.0,5880.0,54.0,-49.0,1.288,0.02,-0.019,1.147,0.069,-0.075
TOI-1693,353475866.0,3499.0,70.0,-70.0,0.46,0.01,-0.01,0.49,0.03,-0.03
TOI-1695,422756130.0,3690.0,50.0,-50.0,0.515,0.015,-0.015,0.513,0.012,-0.012
TOI-1696,470381900.0,3185.0,76.0,-76.0,0.2775,0.008,-0.008,0.255,0.0066,-0.0066
TOI-1728,285048486.0,3980.0,31.0,-32.0,0.6243,0.01,-0.0097,0.646,0.023,-0.022
TOI-1736,408618999.0,5636.0,86.0,-80.0,1.4286,0.0267,-0.0249,1.0373,0.0368,-0.0331
TOI-1739,159418353.0,4814.0,125.0,-125.0,0.781,0.054,-0.054,0.78,0.09,-0.09
TOI-1749,233602827.0,3985.0,55.0,-55.0,0.55,0.03,-0.03,0.58,0.03,-0.03
TOI-1753,289580577.0,5621.0,76.0,-72.0,0.9715,0.0207,-0.0203,0.9483,0.0343,-0.033
TOI-1775,9348006.0,5284.0,50.0,-51.0,0.8288,0.0115,-0.0099,0.9218,0.0143,-0.0154
TOI-178,251848941.0,4316.0,70.0,-70.0,0.662,0.01,-0.01,0.647,0.03,-0.029
TOI-1789,172518755.0,5991.0,55.0,-55.0,2.168,0.036,-0.034,1.507,0.059,-0.14
TOI-1794,286916251.0,5631.0,78.0,-74.0,1.3162,0.023,-0.023,0.9698,0.0328,-0.0308
TOI-1798,198153540.0,5165.0,104.0,-104.0,0.78,0.04,-0.04,0.87,0.11,-0.11
TOI-1799,8967242.0,5690.0,123.0,-123.0,0.957,0.046,-0.046,1.01,0.13,-0.13
TOI-1801,119584412.0,3863.0,77.0,-77.0,0.547,0.025,-0.023,0.556,0.042,-0.035
TOI-1807,180695581.0,4914.0,60.0,-58.0,0.746,0.0206,-0.0211,0.8048,0.0231,-0.0258
TOI-1811,376524552.0,4766.0,52.0,-54.0,0.769,0.019,-0.017,0.817,0.033,-0.03
TOI-1842,404505029.0,6039.0,93.0,-89.0,2.032,0.037,-0.0401,1.4643,0.0292,-0.0362
TOI-1855,81247740.0,5359.0,89.0,-83.0,1.041,0.031,-0.033,0.987,0.058,-0.045
TOI-1860,202426247.0,5752.0,100.0,-100.0,0.94,0.02,-0.02,0.99,0.03,-0.03
TOI-2000,371188886.0,5611.0,85.0,-82.0,1.134,0.037,-0.036,1.082,0.059,-0.05
TOI-2015,368287008.0,3297.0,14.0,-28.0,0.3273,0.0029,-0.0051,0.3041,0.0353,-0.0312
TOI-2025,394050135.0,5977.0,79.0,-78.0,1.459,0.043,-0.042,1.199,0.074,-0.092
TOI-206,55650590.0,3383.0,157.0,-157.0,0.35,0.01,-0.01,0.35,0.01,-0.01
Kepler-507,27992970.0,6113.0,66.08,-67.92,1.32,0.237,-0.169,1.16,0.07,-0.048
TOI-2076,27491137.0,5192.0,61.0,-58.0,0.796,0.0286,-0.0217,0.8557,0.0201,-0.0212
TOI-2081,321669174.0,3800.0,100.0,-100.0,0.534,0.08,-0.08,0.54,0.08,-0.08
TOI-2084,441738827.0,3551.0,49.0,-52.0,0.475,0.014,-0.014,0.453,0.029,-0.027
TOI-2096,142748283.0,3300.0,50.0,-50.0,0.235,0.011,-0.011,0.231,0.012,-0.012
TOI-2109,392476080.0,6540.0,160.0,-160.0,1.698,0.062,-0.057,1.453,0.074,-0.074
TOI-2134,75878355.0,4580.0,50.0,-50.0,0.709,0.017,-0.017,0.744,0.027,-0.027
TOI-2136,336128819.0,3342.0,100.0,-100.0,0.34,0.02,-0.02,0.34,0.02,-0.02
TOI-2145,88992642.0,6206.0,81.0,-75.0,2.75,0.06,-0.05,1.71,0.04,-0.04
TOI-2152,395393265.0,6630.0,300.0,-290.0,1.612,0.056,-0.051,1.516,0.085,-0.1
TOI-2154,428787891.0,6280.0,160.0,-160.0,1.396,0.049,-0.043,1.233,0.077,-0.09
TOI-220,150098860.0,5298.0,65.0,-65.0,0.858,0.032,-0.032,0.825,0.028,-0.028
TOI-2236,394722182.0,6248.0,72.0,-77.0,1.573,0.033,-0.033,1.343,0.066,-0.065
TOI-2260,232568235.0,5534.0,100.0,-100.0,0.94,0.05,-0.05,0.99,0.04,-0.04
TOI-2266,8348911.0,3200.0,170.0,-170.0,0.24,0.01,-0.01,0.23,0.02,-0.02
TOI-2285,329148988.0,3491.0,58.0,-58.0,0.464,0.013,-0.013,0.454,0.01,-0.01
TOI-2338,24358417.0,5581.0,60.0,-60.0,1.05,0.01,-0.01,0.99,0.03,-0.02
TOI-2373,332558858.0,5651.0,80.0,-80.0,1.102,0.019,-0.019,1.041,0.032,-0.028
TOI-2374,439366538.0,4802.0,97.0,-97.0,0.69,0.02,-0.02,0.75,0.01,-0.01
TOI-238,9006668.0,5059.0,89.0,-89.0,0.733,0.015,-0.015,0.79,0.022,-0.022
TOI-2384,382602147.0,3943.0,14.0,-14.0,0.6113,0.008,-0.008,0.635,0.016,-0.016
TOI-2406,212957629.0,3100.0,31.0,-24.0,0.204,0.004,-0.004,0.166,0.004,-0.004
TOI-2416,237922465.0,5808.0,80.0,-80.0,1.236,0.018,-0.018,1.118,0.029,-0.027
TOI-244,118327550.0,3433.0,100.0,-100.0,0.426,0.025,-0.025,0.428,0.029,-0.029
TOI-251,224225541.0,5875.0,100.0,-190.0,0.881,0.038,-0.047,1.036,0.013,-0.009
TOI-2583 A,7548817.0,5936.0,65.0,-68.0,1.477,0.036,-0.032,1.215,0.063,-0.082
TOI-260,37749396.0,4026.0,14.0,-14.0,0.607,0.014,-0.014,0.616,0.032,-0.032
TOI-2641,162802770.0,6100.0,100.0,-100.0,1.336,0.055,-0.055,1.16,0.07,-0.07
TOI-270,259377017.0,3506.0,70.0,-70.0,0.38,0.008,-0.008,0.386,0.008,-0.008
TOI-286,150030205.0,5152.0,12.0,-12.0,0.78,0.036,-0.036,0.832,0.049,-0.049
TOI-3331 A,194795551.0,5609.0,92.0,-87.0,0.952,0.029,-0.029,1.016,0.047,-0.052
TOI-3353,391903064.0,6365.0,,,1.0207,,,1.332089,,
TOI-3688 A,245509452.0,5950.0,100.0,-100.0,1.302,0.038,-0.035,1.199,0.072,-0.076
TOI-3807,289661991.0,5772.0,84.0,-80.0,1.468,0.037,-0.037,1.181,0.064,-0.092
TOI-3819,95660472.0,5859.0,72.0,-71.0,1.538,0.037,-0.037,1.242,0.057,-0.076
TOI-3884,86263325.0,3180.0,88.0,-88.0,0.302,0.012,-0.012,0.298,0.018,-0.018
TOI-4010,352682207.0,4960.0,36.0,-36.0,0.83,0.01,-0.01,0.88,0.03,-0.03
TOI-4087,310002617.0,6060.0,74.0,-67.0,1.112,0.021,-0.02,1.178,0.039,-0.042
TOI-4127,141488193.0,6096.0,115.0,-115.0,1.293,0.05,-0.05,1.23,0.07,-0.07
TOI-4137,417646390.0,6202.0,94.0,-90.0,1.438,0.039,-0.038,1.313,0.068,-0.071
TOI-4153,470171739.0,6860.0,150.0,-180.0,1.605,0.048,-0.046,1.572,0.064,-0.071
TOI-4184,394357918.0,3238.0,48.0,-49.0,0.2347,0.015,-0.015,0.2109,0.029,-0.026
TOI-431,31374837.0,4850.0,75.0,-75.0,0.731,0.022,-0.022,0.78,0.07,-0.07
TOI-4342,354944123.0,3866.0,92.0,-92.0,0.598,0.018,-0.018,0.587,0.013,-0.013
TOI-4377,394918211.0,4974.0,57.0,-57.0,3.52,0.15,-0.14,1.36,0.08,-0.07
TOI-4438,22233480.0,3422.0,81.0,-81.0,0.372,0.018,-0.018,0.368,0.021,-0.021
TOI-4443,158241252.0,5834.0,,,1.01733,,,1.049133,,
TOI-4479,126606859.0,3400.0,100.0,-100.0,0.451,0.085,-0.085,0.452,0.09,-0.09
TOI-4495,120826158.0,6210.0,70.0,-70.0,1.309,0.059,-0.059,1.247,0.045,-0.045
TOI-451,257605131.0,5490.0,115.0,-115.0,0.85,0.03,-0.03,0.93,0.04,-0.04
TOI-4551,204650483.0,4896.0,110.0,-110.0,3.55,0.18,-0.15,1.31,0.07,-0.18
TOI-4602,467651916.0,6011.9,,,1.15664,,,1.116795,,
TOI-480,317548889.0,6174.0,90.0,-119.0,1.4877,0.0443,-0.0338,1.2793,0.0282,-0.0288
TOI-481,339672028.0,5735.0,72.0,-72.0,1.66,0.02,-0.02,1.14,0.02,-0.01
TOI-500,134200185.0,4440.0,100.0,-100.0,0.678,0.016,-0.016,0.74,0.017,-0.017
TOI-5126,27064468.0,6150.0,110.0,-130.0,1.241,0.032,-0.027,1.24,0.05,-0.046
TOI-532,144700903.0,3927.0,37.0,-37.0,0.612,0.013,-0.012,0.639,0.023,-0.023
TOI-5388,407591297.0,3440.0,85.0,-85.0,0.3,0.015,-0.015,0.292,0.018,-0.018
TOI-5398,8260536.0,6000.0,75.0,-75.0,1.051,0.013,-0.013,1.146,0.013,-0.013
TOI-540,200322593.0,3216.0,83.0,-83.0,0.1895,0.0079,-0.0079,0.159,0.014,-0.014
TOI-559,209459275.0,5925.0,85.0,-76.0,1.233,0.028,-0.026,1.026,0.057,-0.057
TOI-561,377064495.0,5342.0,57.0,-54.0,0.843,0.005,-0.005,0.806,0.036,-0.036
TOI-5799,328081248.0,3452.0,96.0,-96.0,0.321,0.014,-0.014,0.325,0.03,-0.03
TOI-6008,286201103.0,3075.0,75.0,-75.0,0.242,0.013,-0.013,0.23,0.011,-0.011
TOI-6034,388076422.0,3635.0,88.0,-88.0,0.489,0.015,-0.014,0.514,0.025,-0.022
TOI-615,190496853.0,6850.0,100.0,-100.0,1.732,0.055,-0.055,1.449,0.087,-0.087
TOI-622,83092282.0,6400.0,100.0,-100.0,1.415,0.047,-0.047,1.313,0.079,-0.079
TOI-640,147977348.0,6460.0,130.0,-150.0,2.082,0.064,-0.058,1.536,0.069,-0.076
TOI-669,124573851.0,5597.0,72.0,-72.0,0.9882,0.0176,-0.0175,0.9245,0.0327,-0.0303
TOI-677,280206394.0,6295.0,77.0,-77.0,1.28,0.03,-0.03,1.181,0.058,-0.058
TOI-700,150428135.0,3459.0,65.0,-65.0,0.421,0.017,-0.015,0.415,0.021,-0.02
TOI-712,150151262.0,4622.0,61.0,-59.0,0.674,0.017,-0.016,0.732,0.027,-0.025
TOI-715,271971130.0,3075.0,75.0,-75.0,0.24,0.012,-0.012,0.225,0.012,-0.012
TOI-733,106402532.0,5585.0,60.0,-60.0,0.949,0.008,-0.012,0.956,0.05,-0.026
TOI-763,178819686.0,5450.0,60.0,-60.0,0.897,0.013,-0.013,0.917,0.028,-0.028
TOI-771,277634430.0,3370.0,100.0,-100.0,0.232,0.017,-0.023,0.22,0.03,-0.035
TOI-776,306996324.0,3725.0,60.0,-60.0,0.547,0.017,-0.017,0.542,0.04,-0.039
TOI-778,335630746.0,6643.0,150.0,-150.0,1.71,0.05,-0.05,1.4,0.05,-0.05
TOI-782,429358906.0,3370.0,29.0,-32.0,0.413,0.008,-0.008,0.397,0.01,-0.01
TOI-815,102840239.0,4869.0,77.0,-77.0,0.77,0.009,-0.009,0.776,0.036,-0.036
TOI-833,362249359.0,3920.0,160.0,-160.0,0.6,0.02,-0.02,0.61,0.03,-0.03
TOI-837,460205581.0,5995.0,79.0,-79.0,1.052,0.012,-0.007,1.142,0.008,-0.011
TOI-858 B,198008005.0,5842.0,84.0,-79.0,1.308,0.037,-0.038,1.081,0.076,-0.07
TOI-880,34077285.0,5050.0,100.0,-100.0,0.83,0.03,-0.03,0.87,0.03,-0.03
TOI-904,261257684.0,3770.2,70.0,-70.0,0.527,0.021,-0.021,0.557,0.028,-0.028
TOI-908,350153977.0,5626.0,61.0,-61.0,1.028,0.03,-0.03,0.95,0.01,-0.01
TOI-942,146520535.0,4969.0,100.0,-100.0,0.894,0.056,-0.052,0.822,0.0079,-0.0064
TRAPPIST-1,278892590.0,2566.0,26.0,-26.0,0.1192,0.0013,-0.0013,0.0898,0.0023,-0.0023
TrES-2,399860444.0,5850.0,50.0,-50.0,1.12,0.07,-0.07,1.36,0.3,-0.3
TrES-3,116264089.0,5650.0,75.0,-75.0,0.829,0.015,-0.022,0.928,0.028,-0.048
TrES-4,159742538.0,6200.0,75.0,-75.0,1.66,0.19,-0.19,1.08,0.38,-0.38
ups And,189576919.0,6156.77,112.16,-112.16,1.56,,,1.3,,
V830 Tau,268397995.0,4250.0,50.0,-50.0,2.0,0.2,-0.2,1.0,0.05,-0.05
WASP-1,57984377.0,6110.0,50.0,-50.0,1.47,0.022,-0.032,1.24,0.05,-0.07
WASP-100,38846515.0,6900.0,120.0,-120.0,1.57,0.16,-0.16,0.77,0.42,-0.42
WASP-101,47911178.0,6380.0,120.0,-120.0,1.31,0.08,-0.08,1.41,0.3,-0.3
WASP-105,158623531.0,5070.0,130.0,-130.0,0.9,0.03,-0.03,0.89,0.09,-0.09
WASP-106,53189332.0,6002.0,164.0,-164.0,1.47,0.016,-0.017,1.175,0.082,-0.074
WASP-117,166739520.0,6040.0,90.0,-90.0,1.22,0.06,-0.06,1.29,0.3,-0.3
WASP-119,388104525.0,5650.0,100.0,-100.0,1.2,0.1,-0.1,1.02,0.06,-0.06
WASP-12,86396382.0,6265.0,50.0,-50.0,1.69,0.019,-0.018,1.325,0.026,-0.018
WASP-120,152476657.0,6450.0,120.0,-120.0,1.68443,0.07301,-0.07301,1.393,0.057,-0.057
WASP-121,22529346.0,6628.0,66.0,-66.0,1.461,0.005,-0.005,1.33,0.019,-0.019
WASP-126,25155310.0,5800.0,,,1.27,,,1.12,,
WASP-127,169226822.0,5620.0,85.0,-85.0,1.333,0.027,-0.027,0.95,0.02,-0.02
WASP-131,271168962.0,5990.0,50.0,-50.0,1.561,0.043,-0.043,1.06,0.068,-0.068
WASP-132,127530399.0,4686.0,99.0,-99.0,0.758,0.032,-0.032,0.789,0.039,-0.039
WASP-135,308172249.0,5675.0,60.0,-60.0,0.96,0.05,-0.05,0.98,0.06,-0.06
WASP-136,176220787.0,6250.0,100.0,-100.0,2.39014,0.115251,-0.115251,1.41,0.07,-0.07
WASP-138,35857242.0,6272.0,96.0,-96.0,1.36,0.05,-0.05,1.22,0.05,-0.05
WASP-14,347430350.0,6475.0,100.0,-100.0,1.4,0.08,-0.08,1.62,0.39,-0.39
WASP-140,178284730.0,5300.0,100.0,-100.0,0.87,0.04,-0.04,0.9,0.04,-0.04
WASP-142,423275733.0,6010.0,140.0,-140.0,1.64,0.08,-0.08,1.33,0.08,-0.08
WASP-147,114749636.0,5702.0,100.0,-100.0,1.429,0.14,-0.076,1.044,0.07,-0.073
WASP-148,115524421.0,5555.0,90.0,-90.0,0.912,0.014,-0.014,0.954,0.03,-0.052
WASP-150,321668398.0,6218.0,49.0,-45.0,1.651,0.024,-0.03,1.394,0.07,-0.049
WASP-153,157586003.0,5914.0,64.0,-64.0,1.73,0.1,-0.09,1.336,0.086,-0.086
WASP-156,270380593.0,4987.0,57.0,-56.0,0.8268,0.0138,-0.014,0.8712,0.025,-0.0267
WASP-159,77156657.0,6120.0,140.0,-140.0,2.11,0.1,-0.1,1.41,0.12,-0.12
WASP-162,308098254.0,5300.0,100.0,-100.0,1.11,0.05,-0.05,0.95,0.04,-0.04
WASP-164,237320326.0,5806.0,190.0,-200.0,0.932,0.028,-0.03,0.946,0.067,-0.071
WASP-166,408310006.0,6050.0,50.0,-50.0,1.22,0.06,-0.06,1.19,0.06,-0.06
WASP-167,104024556.0,7000.0,250.0,-250.0,1.79,0.05,-0.05,1.59,0.08,-0.08
WASP-170,118956453.0,5600.0,150.0,-150.0,0.938,0.056,-0.061,0.93,0.15,-0.15
WASP-172,453789494.0,6900.0,140.0,-140.0,1.91,0.1,-0.1,1.49,0.07,-0.07
WASP-173 A,77031414.0,5800.0,140.0,-140.0,1.11,0.05,-0.05,1.05,0.08,-0.08
WASP-174,102192004.0,6399.0,68.0,-68.0,1.347,0.018,-0.018,1.24,0.038,-0.038
WASP-175,448589187.0,6229.0,100.0,-100.0,1.204,0.064,-0.064,1.212,0.045,-0.045
WASP-178,160708862.0,9360.0,150.0,-150.0,1.67,0.07,-0.07,2.07,0.11,-0.11
WASP-180 A,178367144.0,6600.0,200.0,-200.0,1.19,0.06,-0.06,1.3,0.1,-0.1
WASP-182,369455629.0,5638.0,100.0,-100.0,1.34,0.03,-0.03,1.076,0.064,-0.064
WASP-184,112099249.0,6000.0,100.0,-100.0,1.65,0.09,-0.09,1.23,0.07,-0.07
WASP-186,411608801.0,6361.0,105.0,-82.0,1.47,0.02,-0.02,1.22,0.07,-0.08
WASP-187,15692883.0,6150.0,92.0,-85.0,2.83,0.05,-0.05,1.54,0.09,-0.09
WASP-189,157910432.0,8000.0,80.0,-80.0,2.36,0.03,-0.03,2.03,0.066,-0.066
WASP-192,160578764.0,5910.0,145.0,-145.0,1.32,0.07,-0.07,1.09,0.06,-0.06
WASP-21,436478932.0,5800.0,100.0,-100.0,1.06,0.04,-0.04,1.01,0.03,-0.03
WASP-23,170102285.0,5150.0,100.0,-100.0,0.765,0.033,-0.049,0.78,0.13,-0.12
WASP-26,32487566.0,6034.0,31.0,-31.0,1.22,0.15,-0.15,0.86,0.34,-0.34
WASP-28,398572544.0,6084.0,45.0,-45.0,1.083,0.025,-0.025,0.993,0.067,-0.067
WASP-29,183537452.0,4800.0,150.0,-150.0,0.79,0.07,-0.07,0.77,0.25,-0.25
WASP-3,27848472.0,6400.0,100.0,-100.0,1.44,0.12,-0.12,1.62,0.53,-0.53
WASP-31,437248515.0,6302.0,102.0,-102.0,1.252,0.033,-0.033,1.163,0.026,-0.026
WASP-34,437242640.0,5700.0,100.0,-100.0,0.91,0.08,-0.08,0.96,0.45,-0.45
WASP-41,398943781.0,5545.0,33.0,-33.0,0.87,0.03,-0.03,0.93,0.07,-0.07
WASP-43,36734222.0,4400.0,200.0,-200.0,0.6,0.03,-0.04,0.58,0.05,-0.05
WASP-45,120610833.0,5150.0,200.0,-200.0,0.855,0.039,-0.038,0.85,0.076,-0.07
WASP-48,284475976.0,5920.0,150.0,-150.0,1.58,0.21,-0.21,0.88,0.36,-0.36
WASP-50,382391899.0,5400.0,100.0,-100.0,0.843,0.031,-0.031,0.892,0.08,-0.074
WASP-53,268766053.0,4953.0,60.0,-60.0,0.798,0.023,-0.023,0.839,0.054,-0.054
WASP-54,61098812.0,6100.0,100.0,-100.0,1.76,0.19,-0.19,1.08,0.38,-0.38
WASP-58,424435940.0,5800.0,150.0,-150.0,1.22,0.11,-0.11,1.06,0.47,-0.47
WASP-59,91051152.0,4650.0,150.0,-150.0,0.613,0.044,-0.044,0.719,0.035,-0.035
WASP-6,204376737.0,5438.0,50.0,-50.0,0.79,0.008,-0.009,0.854,0.027,-0.023
WASP-60,288246496.0,5900.0,100.0,-100.0,1.17,0.15,-0.15,1.19,0.61,-0.61
WASP-61,13021029.0,6250.0,150.0,-150.0,1.55,0.24,-0.24,1.82,0.85,-0.85
WASP-62,149603524.0,6230.0,80.0,-80.0,1.23,0.08,-0.08,1.11,0.25,-0.25
WASP-63,393414358.0,5550.0,100.0,-100.0,1.86,0.19,-0.19,1.28,0.42,-0.42
WASP-64,52640302.0,5400.0,100.0,-100.0,1.058,0.025,-0.025,1.004,0.028,-0.028
WASP-65,444013020.0,5600.0,100.0,-100.0,1.01,0.05,-0.05,0.93,0.14,-0.14
WASP-66,53735810.0,6600.0,150.0,-150.0,1.76,0.35,-0.35,1.33,0.83,-0.83
WASP-69,248853232.0,4792.0,158.0,-158.0,0.801,0.015,-0.015,0.83,0.05,-0.05
WASP-7,389352124.0,6400.0,100.0,-100.0,1.432,0.092,-0.092,1.276,0.065,-0.065
WASP-71,422655579.0,6050.0,100.0,-100.0,1.82,0.19,-0.19,0.76,0.27,-0.27
WASP-72,122612091.0,6250.0,100.0,-100.0,2.18,0.29,-0.29,2.78,1.28,-1.28
WASP-73,231670397.0,6030.0,120.0,-120.0,2.55,0.38,-0.38,2.52,1.22,-1.22
WASP-74,244089109.0,5990.0,110.0,-110.0,1.42,0.1,-0.1,0.98,0.24,-0.24
WASP-76,293435336.0,6329.0,65.0,-65.0,1.756,0.071,-0.071,1.458,0.021,-0.021
WASP-77 A,1129033.0,5617.0,72.0,-72.0,0.91,0.025,-0.023,0.903,0.066,-0.059
WASP-78,139528693.0,6100.0,150.0,-150.0,2.46,0.58,-0.58,1.87,1.36,-1.36
WASP-79,170634116.0,6600.0,100.0,-100.0,1.51,0.04,-0.03,1.39,0.06,-0.06
WASP-8,183532609.0,5690.0,36.0,-36.0,0.96,0.03,-0.03,1.04,0.08,-0.08
WASP-80,243921117.0,4143.0,92.0,-94.0,0.586,0.017,-0.018,0.577,0.051,-0.054
WASP-81,399402994.0,5870.0,120.0,-120.0,1.283,0.04,-0.037,1.08,0.059,-0.058
WASP-84,350293646.0,5280.0,80.0,-80.0,0.768,0.019,-0.019,0.853,0.038,-0.038
WASP-85 A,380619414.0,6112.0,27.0,-27.0,0.935,0.023,-0.023,1.09,0.08,-0.08
WASP-87,15445551.0,6450.0,120.0,-120.0,1.627,0.062,-0.062,1.204,0.093,-0.093
WASP-88,100566492.0,6430.0,130.0,-130.0,1.8,0.26,-0.26,0.94,0.42,-0.42
WASP-91,238176110.0,4920.0,80.0,-80.0,0.86,0.03,-0.03,0.84,0.07,-0.07
WASP-92,162689341.0,6280.0,120.0,-120.0,1.341,0.058,-0.058,1.19,0.037,-0.037
WASP-94 A,92352620.0,6170.0,80.0,-80.0,1.48,0.12,-0.12,1.67,0.64,-0.64
WASP-94 B,92352621.0,6040.0,90.0,-90.0,1.35,0.12,-0.12,1.24,0.09,-0.09
WASP-95,144065872.0,5830.0,140.0,-140.0,1.23,0.09,-0.09,1.46,0.42,-0.42
WASP-96,160148385.0,5540.0,140.0,-140.0,1.05,0.05,-0.05,1.06,0.09,-0.09
WASP-97,230982885.0,5640.0,100.0,-100.0,1.08,0.06,-0.06,1.18,0.24,-0.24
WASP-98,166833457.0,5473.0,121.0,-121.0,0.741,0.021,-0.021,0.809,0.064,-0.064
WASP-99,166836920.0,6150.0,100.0,-100.0,1.64,0.09,-0.09,1.21,0.28,-0.28
Wolf 1069,352617553.0,3158.0,54.0,-54.0,0.1813,0.0063,-0.0063,0.167,0.011,-0.011
WTS-1,138488806.0,6250.0,200.0,-200.0,1.15,0.1,-0.12,1.2,0.1,-0.1
WTS-2,138359318.0,5000.0,250.0,-250.0,0.752,0.032,-0.032,0.82,0.082,-0.082
XO-2 N,356473034.0,5340.0,32.0,-32.0,0.99,0.009,-0.009,0.971,,
XO-3,8400842.0,6970.0,110.0,-100.0,1.523,0.027,-0.027,1.449,0.056,-0.058
XO-4,51234631.0,6397.0,70.0,-70.0,1.45,0.09,-0.09,1.1,0.22,-0.22
XO-5,9155187.0,5430.0,70.0,-70.0,1.13,0.03,-0.03,1.04,0.03,-0.03
XO-6,138168780.0,6720.0,100.0,-100.0,1.93,0.18,-0.18,1.47,0.06,-0.06
XO-7,268403451.0,6250.0,100.0,-100.0,1.48,0.022,-0.022,1.405,0.059,-0.059
YZ Cet,439403362.0,3151.0,51.0,-51.0,0.157,0.005,-0.005,0.142,0.01,-0.01
