-1.005984153863173560e+03,9.986721019523462362e-01,7.978994617128807362e-04
-1.003984185831322975e+03,1.000203367923298670e+00,7.986792094928932490e-04
-1.001984217714671104e+03,1.000634122866763231e+00,7.970741315095361632e-04
-9.999842496815108461e+02,1.000116978182936656e+00,7.975387286722454604e-04
-9.979842815658412292e+02,1.000923512782581293e+00,7.977427146178428128e-04
-9.959843134491893579e+02,1.000523355512265899e+00,7.980920367153558279e-04
-9.939843454153742641e+02,1.000497595662249495e+00,7.974648642877344871e-04
-9.919843772987223929e+02,9.982214930700021860e-01,7.966627240655736221e-04
-9.899844091827253578e+02,1.000816326675138423e+00,7.974117972673008294e-04
-9.879844411508747726e+02,9.986123516611610240e-01,7.983020962274537139e-04
-9.859844730342229013e+02,9.997495547663068916e-01,7.994529450555618857e-04
-9.839845049175710301e+02,1.000153167624988182e+00,7.974536987412386398e-04
-9.819845368019014131e+02,9.988939507934129214e-01,7.977639414260161892e-04
-9.799845687697234098e+02,1.001995373826386038e+00,7.980512395262364441e-04
-9.779846006520892843e+02,1.001037107430008399e+00,7.979295227996003334e-04
-9.759846325344551587e+02,9.999594661220130298e-01,7.992969954995593181e-04
-9.739846644184581237e+02,1.000276186610932871e+00,7.980160864595214247e-04
-9.719846963027885067e+02,1.000240751110527571e+00,7.984174326418064368e-04
-9.699847281861366355e+02,1.000109752851927380e+00,7.982070663839258050e-04
-9.679847601533037960e+02,1.000539125560159226e+00,7.982887221113212301e-04
-9.659847920376341790e+02,1.000998844627527307e+00,7.978444928685934044e-04
-9.639848239216371439e+02,9.991939587921413457e-01,7.995782813824356969e-04
-9.619848558049852727e+02,1.000929544349402622e+00,7.990028262938032822e-04
-9.599848876873511472e+02,1.000669684015212946e+00,7.980517303194889457e-04
-9.579849195706992759e+02,1.000591147888933108e+00,8.001035528609932394e-04
-9.559849514550296590e+02,1.000029143370511520e+00,7.966865888874795874e-04
-9.539849833380503696e+02,9.997856185505854532e-01,7.981479871461482712e-04
-9.519850152213984984e+02,9.987951209282892595e-01,7.969272616287061215e-04
-9.499850470219098497e+02,1.000396880926783583e+00,7.990452185609935943e-04
-9.479850789059128147e+02,1.000623127798655032e+00,7.982784768021739452e-04
-9.459851107892609434e+02,9.994595365545062560e-01,7.991996957372383319e-04
-9.439851426716268179e+02,9.998108129391163335e-01,7.984822173511449926e-04
-9.419851745539926924e+02,9.998801760455545695e-01,7.994066264423510190e-04
-9.399852064379956573e+02,9.995468058974569248e-01,7.983136298688889645e-04
-9.379852383223260404e+02,9.977336894761988928e-01,7.978267629623445219e-04
-9.359852701218551374e+02,1.000261233328992638e+00,7.975909368044871049e-04
-9.339853020052032662e+02,1.001504617277017228e+00,7.978185421753640092e-04
-9.319853338895336492e+02,1.000309548753584910e+00,7.978552289709932993e-04
-9.299853656897175824e+02,9.997418268052924439e-01,7.973584848502409750e-04
-9.279853975730657112e+02,1.000689286630260133e+00,7.987115404984059235e-04
-9.259854294554315857e+02,1.000172456091678264e+00,7.993411668922902058e-04
-9.239854612549606827e+02,9.994133573113659352e-01,7.993815959864702947e-04
-9.219854931392910657e+02,1.000931492042901549e+00,7.982371274706454023e-04
-9.199855250223117764e+02,9.995688588408904174e-01,7.982773111681991862e-04
-9.179855568218408735e+02,9.992033202956067672e-01,7.980386015999828752e-04
-9.159855887061712565e+02,9.989019928870103149e-01,7.978355972408907428e-04
-9.139856205063551897e+02,1.000453175620415136e+00,7.998880946231172939e-04
-9.119856523897033185e+02,1.000713098783249766e+00,7.987297611979074161e-04
-9.099856841892324155e+02,9.991184623723911029e-01,7.978321003389661405e-04
-9.079857160725805443e+02,1.001451936316182234e+00,7.996668695645236689e-04
-9.059857478721096413e+02,1.000131745814561102e+00,7.987750982246131712e-04
-9.039857797554577701e+02,9.991711845309239060e-01,7.990484087171352339e-04
-9.019858115546594490e+02,9.996740873146615636e-01,7.985770631472031457e-04
-8.999858434389898321e+02,1.000829953090546898e+00,7.979349215253785012e-04
-8.979858752395011834e+02,1.000402897321621909e+00,7.993236823826676283e-04
-8.959859070387028623e+02,9.996669236362917266e-01,7.981944284576722361e-04
-8.939859389220509911e+02,1.000454551212396570e+00,7.984531378509305069e-04
-8.919859707225623424e+02,9.996771036001310673e-01,7.984289049340851383e-04
-8.899860025220914395e+02,1.000758127789685537e+00,7.995066869167176925e-04
-8.879860344044573139e+02,1.000021337193679249e+00,7.985449161891601186e-04
-8.859860662036589929e+02,1.001122344275306553e+00,7.987063871692540607e-04
-8.839860980041703442e+02,1.000067838263241748e+00,7.981017298820940620e-04
-8.819861298046816955e+02,9.994157550210460705e-01,7.996925748611267591e-04
-8.799861616042107926e+02,1.000136772956925491e+00,7.990903101910729360e-04
-8.779861934872315032e+02,1.001006154440535090e+00,7.982144282827143044e-04
-8.759862252877428546e+02,9.991936809940350495e-01,7.995579134624542254e-04
-8.739862570872719516e+02,1.002309504014187613e+00,7.989460783239754832e-04
-8.719862888858187944e+02,9.999389548932363647e-01,7.982771884698859795e-04
-8.699863206853478914e+02,1.000118046850459574e+00,7.997176666661641410e-04
-8.679863524855318246e+02,1.000196910150915386e+00,7.993652771108224761e-04
-8.659863842860431760e+02,1.000414585428049064e+00,8.006123827655899734e-04
-8.639864160855722730e+02,1.000523862941594455e+00,7.991165062809286361e-04
-8.619864478847739520e+02,1.000688878899374412e+00,7.990555252192974283e-04
-8.599864796843030490e+02,1.000480189639727291e+00,7.992944188349833867e-04
-8.579865114848144003e+02,9.995390456946370294e-01,7.983674944283579780e-04
-8.559865432843434974e+02,1.000272128772906388e+00,7.993080383477420671e-04
-8.539865750828903401e+02,1.000966565691983723e+00,7.994282826946204562e-04
-8.519866068820920191e+02,1.001440813762588977e+00,7.994571781473652945e-04
-8.499866386826033704e+02,1.000530712423421065e+00,8.006887624655204374e-04
-8.479866704831147217e+02,9.999259471615156158e-01,7.986756512418122060e-04
-8.459867022826438188e+02,9.998162297729742409e-01,7.986919701174599161e-04
-8.439867340818454977e+02,9.989322067363514135e-01,7.993179769111064979e-04
-8.419867657985378173e+02,9.995201310703393238e-01,7.993985897028402622e-04
-8.399867975990491686e+02,9.988876536845264775e-01,8.006252660884698473e-04
-8.379868293975960114e+02,1.000913152301192932e+00,7.985751613233494717e-04
-8.359868611961428542e+02,9.999453016607292577e-01,7.985589651460148599e-04
-8.339868929125077557e+02,9.991967601187731196e-01,7.981497049225322977e-04
-8.319869247130191070e+02,1.000705782666491794e+00,7.979892768781001247e-04
-8.299869565125482040e+02,1.000477550389761827e+00,7.984231994625241163e-04
-8.279869882279308513e+02,1.000229146703112137e+00,7.983863286194250704e-04
-8.259870200284422026e+02,9.982860932260504416e-01,7.996155816696305868e-04
-8.239870518289535539e+02,9.997315852584144347e-01,7.995601833812473027e-04
-8.219870835436813650e+02,1.000113396743377514e+00,7.990953408219117005e-04
-8.199871153422282077e+02,1.000368524233329559e+00,7.985690264076923889e-04
-8.179871471424121410e+02,1.000412134695896071e+00,7.980169453477134380e-04
-8.159871788591044606e+02,9.988470595075226166e-01,8.006222599797978550e-04
-8.139872106586335576e+02,1.000667136507279897e+00,7.994119638189727461e-04
-8.119872423743436229e+02,1.000301537557389153e+00,7.986713568008522481e-04
-8.099872741748549743e+02,9.991706818162031656e-01,7.993269338879658171e-04
-8.079873058912198758e+02,1.000955883013762815e+00,7.993334982477188523e-04
-8.059873376907489728e+02,1.000082731173143724e+00,8.000563753595904678e-04
-8.039873694054767839e+02,1.000641937954694027e+00,7.995012268417829755e-04
-8.019874011211868492e+02,1.000184530811989880e+00,7.987037491555214717e-04
-7.999874329216982005e+02,1.000222422899782693e+00,7.996050909638569969e-04
-7.979874646370808478e+02,1.000703269095132963e+00,7.999531860782387038e-04
-7.959874963527909131e+02,1.001892439691163039e+00,7.997521448921567945e-04
-7.939875281533022644e+02,1.001141258899312936e+00,7.993400012583153384e-04
-7.919875598696671659e+02,1.000175230598066012e+00,8.000782156593296609e-04
-7.899875915853772312e+02,1.000828444947343909e+00,7.991320276175409906e-04
-7.879876233849063283e+02,9.993019530788803673e-01,7.988557723655034847e-04
-7.859876550996341393e+02,1.000228078435268619e+00,7.989003118531737757e-04
-7.839876868150167866e+02,9.996563037970687127e-01,7.989041768500376728e-04
-7.819877185317091062e+02,9.999077866085941402e-01,7.992863207463160808e-04
-7.799877503312382032e+02,1.000227701399567737e+00,7.988682262442872977e-04
-7.779877820469482685e+02,1.000816756840657629e+00,8.003345937846381968e-04
-7.759878137636405881e+02,1.001045554670933591e+00,8.003947773072340489e-04
-7.739878454800054897e+02,9.994428387519006529e-01,7.986320933406470266e-04
-7.719878771957155550e+02,9.998571381463003949e-01,7.982292134294477438e-04
-7.699879089114256203e+02,1.000919247711619997e+00,7.999258857035647938e-04
-7.679879406271356856e+02,9.996292829052720874e-01,8.005133652268849606e-04
-7.659879723428457510e+02,1.000821406947614900e+00,7.991421502283751772e-04
-7.639880040582283982e+02,9.994669690366628778e-01,8.006360021908696337e-04
-7.619880357739384635e+02,1.000163856687792618e+00,7.994148472293315317e-04
-7.599880674906307831e+02,1.000783326341970536e+00,7.998303650667842749e-04
-7.579880992069956847e+02,1.001111787275464904e+00,7.990301880176337414e-04
-7.559881309227057500e+02,1.000452791712128642e+00,8.002772323232446895e-04
-7.539881626384158153e+02,1.000412637410138084e+00,7.994730675789170522e-04
-7.519881943541258806e+02,1.000559681332919171e+00,7.995165641309255741e-04
-7.499882260698359460e+02,1.001193541182959335e+00,8.012569783536774510e-04
-7.479882577852185932e+02,1.000465171050926250e+00,7.993222713520664558e-04
-7.459882895009286585e+02,9.988214210799379877e-01,7.993795101151468649e-04
-7.439883212176209781e+02,1.001236460413411633e+00,8.002874162832354253e-04
-7.419883528504942660e+02,1.000307947164259526e+00,8.003404219545124255e-04
-7.399883845658769133e+02,9.999397089644739278e-01,8.011115808526051308e-04
-7.379884162815869786e+02,1.000344582466388133e+00,7.995648459171466639e-04
-7.359884479982792982e+02,1.000583183224849515e+00,7.999528179832993005e-04
-7.339884796301703318e+02,1.000305936307195109e+00,7.993868106647787066e-04
-7.319885113448981429e+02,9.996879119565313943e-01,7.995672385342529479e-04
-7.299885430602807901e+02,1.000871929731336207e+00,7.998478495764069609e-04
-7.279885746931540780e+02,1.000524428495020102e+00,8.002815267642046475e-04
-7.259886064098463976e+02,9.999020682338124466e-01,8.012128069609465632e-04
-7.239886381252290448e+02,1.000645582633105990e+00,7.994014731131991562e-04
-7.219886697571200784e+02,1.001622607808919430e+00,8.001969262772937793e-04
-7.199887014738123980e+02,9.996727676892698256e-01,7.998393220436435941e-04
-7.179887331066856859e+02,1.000291734629182416e+00,7.997447216442117460e-04
-7.159887648214134970e+02,1.000078018226883803e+00,7.994479144247231212e-04
-7.139887965361413080e+02,1.000144502188551332e+00,8.001383991819254046e-04
-7.119888281677049235e+02,1.000248564041596344e+00,8.002975388940696119e-04
-7.099888598843972431e+02,1.000439406944795939e+00,7.997182801577298493e-04
-7.079888915172705310e+02,9.998489062001908456e-01,7.989384710285606789e-04
-7.059889231488341466e+02,1.001241047681086904e+00,7.993283449185669895e-04
-7.039889548645442119e+02,1.001097648436733545e+00,8.007218910100685760e-04
-7.019889864974174998e+02,9.999060271086557261e-01,8.006166772065499313e-04
-6.999890182141098194e+02,9.998981721982509452e-01,7.993625163987767889e-04
-6.979890498446911806e+02,1.000776791056510406e+00,8.001301783949448920e-04
-6.959890814755999600e+02,9.994611878226008495e-01,8.003963110361483196e-04
-6.939891131922922796e+02,1.000282874290245205e+00,7.995008587468435722e-04
-6.919891448251655675e+02,1.002479170078761195e+00,7.994763190842152411e-04
-6.899891764570566011e+02,1.001115494793173299e+00,8.022863558517758171e-04
-6.879892081724392483e+02,1.002292977282521313e+00,8.006262476749749588e-04
-6.859892398053125362e+02,1.000980641691340267e+00,8.002409749717114603e-04
-6.839892714381858241e+02,9.999912371767289976e-01,7.997037404076226064e-04
-6.819893030690946034e+02,9.995421876586969567e-01,7.994631903647091706e-04
-6.799893347000033827e+02,9.998313112008834214e-01,8.001871717613989960e-04
-6.779893664163682843e+02,9.993430499701095870e-01,7.995688336123237677e-04
-6.759893980492415722e+02,9.988554799714516319e-01,8.001691351093672593e-04
-6.739894296811326058e+02,9.998440047360978022e-01,7.997054581840065245e-04
-6.719894613126962213e+02,9.998028450055757022e-01,8.009917046006661450e-04
-6.699894929455695092e+02,1.000783829056233198e+00,8.011656908087003408e-04
-6.679895245784427971e+02,1.001400156746249381e+00,8.002528767080861142e-04
-6.659895562103338307e+02,1.001985001955362886e+00,8.002650851902437306e-04
-6.639895878409151919e+02,1.000218652542773645e+00,8.002672937598802588e-04
-6.619896194728062255e+02,1.000523423066487227e+00,8.004087649149321327e-04
-6.599896511056795134e+02,1.000772392306683578e+00,8.006190698236562153e-04
-6.579896827375705470e+02,1.000084553512339935e+00,7.993774242438234350e-04
-6.559897143694615806e+02,9.986663337288995690e-01,8.005603586808180848e-04
-6.539897460023348685e+02,1.001221818860414503e+00,8.012617635878900189e-04
-6.519897776348807383e+02,1.000003867872659713e+00,8.005397453642104167e-04
-6.499898092667717719e+02,9.998565097534624080e-01,8.009393737701114022e-04
-6.479898408986628056e+02,1.001433901441349139e+00,8.004928132594338417e-04
-6.459898725292441668e+02,9.997530134539663882e-01,8.004702367698158421e-04
-6.439899040773161687e+02,1.000907056890666169e+00,7.996950288273894838e-04
-6.419899357101894566e+02,1.001480591028796274e+00,8.007693752572542017e-04
-6.399899673420804902e+02,9.998788805382957667e-01,7.999606706753403015e-04
-6.379899989739715238e+02,1.000444999641003418e+00,8.008942821400319521e-04
-6.359900306068448117e+02,9.996731447249684877e-01,7.992686521892237474e-04
-6.339900621555716498e+02,9.986406953013378107e-01,7.998706101134946079e-04
-6.319900937874626834e+02,1.000959339174321894e+00,8.005244694242242588e-04
-6.299901254183714627e+02,1.000087129922952567e+00,7.991241135763433321e-04
-6.279901569661160465e+02,9.997127334734094983e-01,8.005793769193550414e-04
-6.259901885989893344e+02,1.000629747133728431e+00,8.003634278882263775e-04
-6.239902202308803680e+02,1.000420492320539978e+00,8.006164318099236264e-04
-6.219902517789523699e+02,9.996014451027916969e-01,8.000693200316268908e-04
-6.199902834118256578e+02,9.992110246360225156e-01,8.010958141193664714e-04
-6.179903149605524959e+02,1.000586136671160364e+00,8.008116448261313070e-04
-6.159903465924435295e+02,1.000464416979524485e+00,8.005772296988750624e-04
-6.139903781405155314e+02,1.000052819674303706e+00,8.001106693631554337e-04
-6.119904097724065650e+02,9.999448617856975252e-01,8.003047167453883554e-04
-6.099904413204785669e+02,9.996038329955547752e-01,8.002491957586919729e-04
-6.079904729520421824e+02,9.993177885782470460e-01,8.021920008489702740e-04
-6.059905045001141843e+02,1.000354573912421330e+00,8.011778379417014082e-04
-6.039905361329874722e+02,1.000084679190906156e+00,8.005037334093033840e-04
-6.019905676817143103e+02,1.000012728211596480e+00,8.003980901616887869e-04
-5.999905993136053439e+02,9.999023195909442219e-01,8.011425008275167414e-04
-5.979906308616773458e+02,1.001128376846237122e+00,8.001318961713289185e-04
-5.959906624107316020e+02,1.000227135846010862e+00,8.007672280367742227e-04
-5.939906940422952175e+02,1.000713072023304617e+00,8.011613963677404913e-04
-5.919907255893849651e+02,1.000231471756554580e+00,8.006293764819600494e-04
-5.899907571374569670e+02,9.995437586407776021e-01,8.006957562693694250e-04
-5.879907887703302549e+02,1.000245924791699714e+00,7.996356428438292042e-04
-5.859908203193845111e+02,1.000256858826983342e+00,7.999553332987186828e-04
-5.839908518671290949e+02,1.000399943874920483e+00,8.014392466978488170e-04
-5.819908834152010968e+02,1.000176675901569334e+00,7.993320258679612392e-04
-5.799909149632730987e+02,1.000062748281055347e+00,7.992241740507100055e-04
-5.779909465961463866e+02,9.997200228302652869e-01,7.999234930864585098e-04
-5.759909781438909704e+02,1.000090774601380517e+00,7.999808545478520171e-04
-5.739910096909807180e+02,9.995639300506976577e-01,8.003849614421827165e-04
-5.719910412390527199e+02,1.000297264486106785e+00,8.000988289759373290e-04
-5.699910727881069761e+02,1.000799978752025199e+00,8.017448268467270052e-04
-5.679911043368338142e+02,9.997219080087625942e-01,8.003779676383336204e-04
-5.659911358849058161e+02,1.000062999638188455e+00,7.995522693400497526e-04
-5.639911674329778180e+02,1.000839693179033096e+00,8.003276613299457583e-04
-5.619911989820320741e+02,1.001256820341179132e+00,8.006729957322817779e-04
-5.599912305297766579e+02,1.000586827903275911e+00,8.002908518360033700e-04
-5.579912620768664056e+02,9.998705229136247707e-01,7.999760693136395576e-04
-5.559912936249384074e+02,1.000014801907943562e+00,8.007423202792065967e-04
-5.539913251739926636e+02,1.000392403160931920e+00,8.000232468150423291e-04
-5.519913567230469198e+02,9.992566459556547764e-01,7.994429451430409058e-04
-5.499913882707915036e+02,1.000354322555288666e+00,7.999381555348788510e-04
-5.479914198188635055e+02,1.000213688239397714e+00,7.993215965113441984e-04
-5.459914513679177617e+02,1.001114049489658431e+00,7.999977869150655440e-04
-5.439914829169720178e+02,1.000825491501020847e+00,8.005910332591033903e-04
-5.419915143799153157e+02,1.001510407005315573e+00,8.003162503868236060e-04
-5.399915459270050633e+02,1.001831194761534372e+00,7.995042942996115169e-04
-5.379915774760593195e+02,1.002670308623167861e+00,7.998347208569007820e-04
-5.359916090251135756e+02,1.007006616437494229e+00,8.012513955804295273e-04
-5.339916405731855775e+02,1.008212281285616463e+00,8.006553271751894445e-04
-5.319916720371111296e+02,1.013078834576224052e+00,8.000315289511793909e-04
-5.299917035861653858e+02,1.017080240043414685e+00,8.006942225404551543e-04
-5.279917351352196420e+02,1.026679520769156806e+00,8.006114625282414110e-04
-5.259917665994726121e+02,1.036499750091089966e+00,8.009291284609641173e-04
-5.239917981462349417e+02,1.049321960663186282e+00,8.019854382387969901e-04
-5.219918296943069436e+02,1.061163079367922979e+00,7.999062539734621289e-04
-5.199918611595421680e+02,1.078056780049760910e+00,8.015490003389536162e-04
-5.179918927076141699e+02,1.097796407103584393e+00,8.022159270200327884e-04
-5.159919241715397220e+02,1.116930375057106906e+00,8.017002873590567142e-04
-5.139919557205939782e+02,1.138861831954790294e+00,8.009388829768587922e-04
-5.119919871858292026e+02,1.161907191361607250e+00,8.002020182572890930e-04
-5.099920187339012045e+02,1.183798119940286941e+00,7.995374228441596556e-04
-5.079920501968445024e+02,1.207323695771506555e+00,7.994879754239636984e-04
-5.059920817439342500e+02,1.234366009828502975e+00,7.992033766866325816e-04
-5.039921132091694744e+02,1.218048735268979721e+00,7.996771148736709538e-04
-5.019921447582237306e+02,1.204568995361602779e+00,8.003356367202999659e-04
-4.999921762224767008e+02,1.190355418165047086e+00,8.013000454615900204e-04
-4.979922077702212846e+02,1.181212929042330995e+00,8.002250855401597026e-04
-4.959922392354565090e+02,1.171217229317391029e+00,8.015618223126768326e-04
-4.939922707006917335e+02,1.160958263831396442e+00,8.007479644016110695e-04
-4.919923022487637354e+02,1.152211461898771327e+00,8.020079533792584406e-04
-4.899923337117070332e+02,1.142499244739128450e+00,8.001173564212216757e-04
-4.879923651759600034e+02,1.135858012631297154e+00,7.998858247043241082e-04
-4.859923967250142596e+02,1.127171634258355759e+00,8.005191320476026402e-04
-4.839924281892672298e+02,1.122018907167871005e+00,8.003339802930724885e-04
-4.819924596531927818e+02,1.114765040827867537e+00,8.011242187788585913e-04
-4.799924911184280063e+02,1.109903308603010341e+00,8.005244694242242588e-04
-4.779925225836632308e+02,1.104137383640148684e+00,8.011044643504429364e-04
-4.759925541317352327e+02,1.101400972844318815e+00,8.022296078819480180e-04
-4.739925855959882028e+02,1.095430094701413948e+00,8.005085186435159520e-04
-4.719926170602411730e+02,1.090591307365126106e+00,7.995341713388613583e-04
-4.699926485241667251e+02,1.087308815376679005e+00,8.006525051139872081e-04
-4.679926799884196953e+02,1.083266580222900233e+00,8.010693726328844662e-04
-4.659927114526726655e+02,1.080800807490263749e+00,8.003315263268096554e-04
-4.639927429179078899e+02,1.078558937636047377e+00,8.023057421852521770e-04
-4.619927743828156963e+02,1.075577892082513420e+00,8.005910332591033903e-04
-4.599928058470686665e+02,1.072747652040129562e+00,7.998577267906148425e-04
-4.579928373113216367e+02,1.069275229685045181e+00,8.006434254388146822e-04
-4.559928687765568611e+02,1.067621207515467852e+00,8.012320705961098249e-04
-4.539929002404824132e+02,1.064722933348580369e+00,8.013092478350756446e-04
-4.519929317037531291e+02,1.062961009996757911e+00,8.000163757095064398e-04
-4.499929631680060993e+02,1.061041855346061880e+00,8.021146395625346984e-04
-4.479929946332413238e+02,1.058539833328433266e+00,8.008011541203577171e-04
-4.459930260981491301e+02,1.056301550535674760e+00,8.008171049010661324e-04
-4.439930575624021003e+02,1.055288100128225715e+00,8.003844092997735573e-04
-4.419930890266550705e+02,1.054840698156909173e+00,8.026686224463673233e-04
-4.399931204070890089e+02,1.051202332266969908e+00,8.008013381678274730e-04
-4.379931518713419791e+02,1.051335251090361078e+00,8.005536102735952937e-04
-4.359931833352675312e+02,1.050253278309527305e+00,8.000318356969622451e-04
-4.339932147995205014e+02,1.048899042326379982e+00,8.023202205862028707e-04
-4.319932461799544399e+02,1.046025477508819801e+00,7.993937431194712536e-04
-4.299932776451896643e+02,1.045389000226705667e+00,8.015384482840234772e-04
-4.279933091100974707e+02,1.044504133621732223e+00,8.027661676053146145e-04
-4.259933405743504409e+02,1.044044107898665974e+00,8.019845180014484277e-04
-4.239933719547843793e+02,1.043076420197774912e+00,8.014243388528020625e-04
-4.219934034200196038e+02,1.041545588793177712e+00,8.006310942583439675e-04
-4.199934348839451559e+02,1.040030443658180204e+00,8.019339662964342606e-04
-4.179934662633968401e+02,1.039447943179642397e+00,8.002122635664363779e-04
-4.159934977276498103e+02,1.038613481873764233e+00,8.015315771784875878e-04
-4.139935291090660030e+02,1.036970044664342394e+00,8.015588162040049487e-04
-4.119935605739738094e+02,1.038014188041344932e+00,7.998912234301023844e-04
-4.099935919544077478e+02,1.035539436983397010e+00,8.017672192888752490e-04
-4.079936234186607180e+02,1.036792044226345855e+00,8.005147762574861331e-04
-4.059936548000769108e+02,1.035831205501952734e+00,8.006969832525008416e-04
-4.039936862653121352e+02,1.034789085553231125e+00,8.018203476584654559e-04
-4.019937176444364013e+02,1.034313077702739836e+00,8.003260662518749385e-04
-3.999937491077071172e+02,1.034351662168274899e+00,8.010122565681172639e-04
-3.979937804891233100e+02,1.033194715154238441e+00,7.996876055794445437e-04
-3.959938119543585344e+02,1.032654348216341278e+00,8.003939184190420357e-04
-3.939938433344650548e+02,1.033106441043615265e+00,8.011540344689519920e-04
-3.919938747148989933e+02,1.032217887740629614e+00,8.006185790304036053e-04
-3.899939061801342177e+02,1.030267255236602786e+00,8.001177858653176281e-04
-3.879939375615504105e+02,1.029683348438266810e+00,8.001967422298240235e-04
-3.859939689406746766e+02,1.030052623881440699e+00,8.016572202511441448e-04
-3.839940003201263607e+02,1.029017786412129709e+00,8.002074783322239183e-04
-3.819940317843793309e+02,1.027158260435348192e+00,7.998780947105962056e-04
-3.799940631657955237e+02,1.029255014742304963e+00,8.005162486372438546e-04
-3.779940945468842983e+02,1.027331744392776747e+00,8.012597390657231382e-04
-3.759941259273182368e+02,1.027310097119627397e+00,8.016753182523325390e-04
-3.739941573915712070e+02,1.026196999469658921e+00,8.006186403795601545e-04
-3.719941887729873997e+02,1.027295782030453131e+00,8.012324386910492282e-04
-3.699942201544035925e+02,1.026714268522135320e+00,8.003755750212274448e-04
-3.679942515335278586e+02,1.026057365861555049e+00,8.005336104485533339e-04
-3.659942829129795427e+02,1.024500263357451146e+00,8.010955687227401664e-04
-3.639943142943957355e+02,1.023483027790653477e+00,7.999610387702797048e-04
-3.619943456758119282e+02,1.023314012558458996e+00,7.998544139361599961e-04
-3.599943770559184486e+02,1.023698397128255388e+00,8.005790088244155297e-04
-3.579944084363523871e+02,1.023682007105758407e+00,8.003458206802907017e-04
-3.559944398177685798e+02,1.023585066017897116e+00,8.007994363439737990e-04
-3.539944711991847726e+02,1.024299336572535246e+00,8.011104152186302634e-04
-3.519945025796187110e+02,1.025341735454707193e+00,8.012393097965851176e-04
-3.499945339587429771e+02,1.022139549469977426e+00,8.010703542193896862e-04
-3.479945653391769156e+02,1.021268960682468974e+00,8.022313256583320446e-04
-3.459945967205931083e+02,1.022000090553891738e+00,8.018839667338291443e-04
-3.439946281010270468e+02,1.021633625190453420e+00,8.015082644989906732e-04
-3.419946594811335672e+02,1.020326243093623075e+00,8.009785758811599661e-04
-3.399946908625497599e+02,1.021713917266876104e+00,7.998398128368962041e-04
-3.379947221601469209e+02,1.020373655174088068e+00,8.013537259735892780e-04
-3.359947535405808594e+02,1.020103445660161867e+00,8.018160532175054979e-04
-3.339947849210147979e+02,1.018856854337055307e+00,8.005293773567499251e-04
-3.319948163011213182e+02,1.019499034701877971e+00,8.021480135037091421e-04
-3.299948476815552567e+02,1.020824417653191762e+00,8.006596216161494025e-04
-3.279948789781701635e+02,1.018432125087833207e+00,8.020958667206240468e-04
-3.259949103582766838e+02,1.018174330224131063e+00,8.009255088607264168e-04
-3.239949417396928766e+02,1.019029159149486441e+00,8.011778379417014082e-04
-3.219949730372900376e+02,1.018625520293148901e+00,8.015575278717168746e-04
-3.199950044177239761e+02,1.016646542561661759e+00,8.004817090620945435e-04
-3.179950357981579145e+02,1.017229030169194415e+00,8.013855661858494510e-04
-3.119951298553132801e+02,1.016532475644799538e+00,8.008918895229256681e-04
-3.099951611519281869e+02,1.016167019042060193e+00,8.015396752671548938e-04
-3.079951925320347073e+02,1.016755806800517359e+00,8.008521966186244942e-04
-3.059952238296318683e+02,1.015772561500227100e+00,8.011196175921158876e-04
-3.039952552110480610e+02,1.015682144004316667e+00,8.012204756055179167e-04
-3.019952865076629678e+02,1.015539820808696092e+00,8.011118875983879849e-04
-2.999953178880969062e+02,1.015301033383911866e+00,8.018455621618159361e-04
-2.979953491843843949e+02,1.015328737987725827e+00,8.011900464238589162e-04
-2.959953804809993017e+02,1.015685583927915081e+00,8.005426287745692022e-04
-2.939954118614332401e+02,1.013426608583305244e+00,8.014812708700996173e-04
-2.919954431577207288e+02,1.014175238677253788e+00,8.021994854460718716e-04
-2.899954745391369215e+02,1.013910078072385534e+00,8.008352642514110758e-04
-2.879955058367340825e+02,1.013460296433586594e+00,8.012721315953504021e-04
-2.859955371333489893e+02,1.013583553833160344e+00,8.018813287200966637e-04
-2.839955685137829278e+02,1.014009649598049734e+00,8.012956896714735133e-04
-2.819955998110526707e+02,1.013390313628836692e+00,8.029077001095230376e-04
-2.799956311076675775e+02,1.013520560916912894e+00,8.024437164383794487e-04
-2.779956624033002299e+02,1.012891758027002709e+00,8.022840245838261906e-04
-2.759956937837341684e+02,1.012985794186002986e+00,8.019378926424547069e-04
-2.739957250813313294e+02,1.013661735220830362e+00,8.029822393347563767e-04
-2.719957563786010724e+02,1.012526550976454276e+00,8.006731184305948762e-04
-2.699957876752159791e+02,1.011249394937808299e+00,8.017821884830785527e-04
-2.679958189718308859e+02,1.012287363343457480e+00,8.009988211028283393e-04
-2.659958503532470786e+02,1.012471615192759744e+00,8.017399189142013390e-04
-2.619959129461494740e+02,1.010476865218095099e+00,8.019356840728181788e-04
-2.599959442417821265e+02,1.010806008850311688e+00,8.020207753529816569e-04
-2.579959755383970332e+02,1.011377686588624591e+00,8.032545682407733279e-04
-2.559960068359941943e+02,1.010982956050167303e+00,8.015251355170476509e-04
-2.539960381332639372e+02,1.010518054439233371e+00,8.009622570055122560e-04
-2.519960694298788439e+02,1.011181790844204675e+00,8.022604665077030794e-04
-2.499961007264937507e+02,1.011200551290124983e+00,8.026273958131518787e-04
-2.479961320237634936e+02,1.010232138525869461e+00,8.017207166281947349e-04
-2.459961633203784004e+02,1.010023887817108390e+00,8.017007781523093242e-04
-2.439961946160110529e+02,1.010420047388191467e+00,8.017966055348725888e-04
-2.419962259126259596e+02,1.009763007227636900e+00,8.004952058765401257e-04
-2.399962572102231206e+02,1.008717760687946274e+00,8.019502851720819708e-04
-2.379962884236738319e+02,1.009474159762798751e+00,8.020834128418402337e-04
-2.359963197202887386e+02,1.008733988246660163e+00,8.005579660637118008e-04
-2.339963510169036454e+02,1.009004311989743385e+00,8.011171022766965053e-04
-2.319963823145008064e+02,1.010065286708167420e+00,8.024210172504483507e-04
-2.299964136120979674e+02,1.008179702620660034e+00,8.017798572151288179e-04
-2.279964448235841701e+02,1.008142731188126140e+00,8.007950192047007427e-04
-2.259964761192168226e+02,1.007176405347397496e+00,8.000177253909509546e-04
-2.239965074168139836e+02,1.008190342051153321e+00,8.006924434149146870e-04
-2.219965387140837265e+02,1.007857045694783960e+00,8.017992435486051778e-04
-2.199965699268796016e+02,1.008535410733063964e+00,8.010279619521993742e-04
-2.179966012234945083e+02,1.007835001922908758e+00,8.018158078208791929e-04
-2.159966325210916693e+02,1.006726406373749105e+00,8.005601132841917798e-04
-2.139966637348697986e+02,1.008915919846346876e+00,8.016531098576539427e-04
-2.119966950314847054e+02,1.007128862334186747e+00,8.004352677505705786e-04
-2.099967263267899398e+02,1.008826743208765420e+00,8.009896187293427151e-04
-2.079967575395858148e+02,1.006854026596587071e+00,8.019932909308379911e-04
-2.059967888371829758e+02,1.008845093601555165e+00,8.005894995301891196e-04
-2.039968200496514328e+02,1.006903785386660921e+00,8.007154493486286391e-04
-2.019968513462663395e+02,1.006904732585869766e+00,8.007090076871887022e-04
-1.999968825600444688e+02,1.006831963094775295e+00,8.016440301824815252e-04
-1.979969138576416299e+02,1.006983750340580519e+00,8.003511580569123204e-04
-1.959969450704375049e+02,1.006591922640520664e+00,8.003950840530169031e-04
-1.939969763657427393e+02,1.006276491312130927e+00,8.007860622278414236e-04
-1.919970075775563600e+02,1.007533384795142650e+00,8.012187578291339986e-04
-1.899970387913344894e+02,1.006532839811972169e+00,8.000156395196276332e-04
-1.879970700886042323e+02,1.006185172123098548e+00,8.011750158804990633e-04
-1.859971013014001073e+02,1.007001116958512243e+00,8.014913934809338040e-04
-1.839971325980150141e+02,1.005279606950682636e+00,7.997249058666394336e-04
-1.819971638117931434e+02,1.006514281818747358e+00,8.000995038166595864e-04
-1.799971950255712727e+02,1.006081908383093637e+00,8.015427427249834352e-04
-1.779972262383671477e+02,1.006168644198992768e+00,8.007993136456607007e-04
-1.759972575336723821e+02,1.006196158560870746e+00,7.999790140731548923e-04
-1.739972887464682572e+02,1.006313422934106416e+00,7.999395665654800234e-04
-1.719973199602463865e+02,1.004439997016874031e+00,8.006828115973330020e-04
-1.699973511727148434e+02,1.006045894888686343e+00,8.002222021298008086e-04
-1.679973824693297502e+02,1.005639132170438099e+00,8.012353834505645629e-04
-1.659974136831078795e+02,1.005656848368671641e+00,7.997497522750505105e-04
-1.639974448968860088e+02,1.004664278017171064e+00,7.999401187078891825e-04
-1.619974761096818838e+02,1.003682100927040022e+00,7.996851516131817106e-04
-1.599975073224777589e+02,1.005026366177835584e+00,7.990300653193206431e-04
-1.579975385349462158e+02,1.005685985730872645e+00,8.019721254718211638e-04
-1.559975697477420908e+02,1.004028565696570396e+00,8.004417094120105155e-04
-1.539976009605379659e+02,1.005720746561223011e+00,8.000674182077732169e-04
-1.519976322568254545e+02,1.004067173924351408e+00,7.993913505023649696e-04
-1.499976634706035838e+02,1.004286256187088444e+00,8.011186973547673252e-04
-1.479976946843817132e+02,1.005053450168255536e+00,8.016425578027238036e-04
-1.459977258971775882e+02,1.002994646875398521e+00,8.003285202181377716e-04
-1.439977571099734632e+02,1.003903486276599422e+00,7.990237463561938045e-04
-1.419977882396051427e+02,1.003804362253646776e+00,8.003220172075412855e-04
-1.399978194524010178e+02,1.003710039760638884e+00,8.002769255774618354e-04
-1.379978506642146385e+02,1.004475934416473537e+00,7.995145396087588018e-04
-1.359978818766830955e+02,1.004131328153522906e+00,7.990174273930670742e-04
-1.339979130894789705e+02,1.003747804194204729e+00,7.994542333878498514e-04
-1.319979443032570998e+02,1.004208365299749772e+00,7.998585856788068557e-04
-1.299979755170352291e+02,1.003802448718469575e+00,8.001433684636076200e-04
-1.279980067298311042e+02,1.003830499015254230e+00,7.992565664053793376e-04
-1.259980378588079475e+02,1.004366401000451159e+00,7.992127631075879616e-04
-1.239980690712764044e+02,1.003415810376852679e+00,8.011253844128334587e-04
-1.219981002840722795e+02,1.004240449218552156e+00,7.996138638932465603e-04
-1.199981314968681545e+02,1.004336975447569058e+00,7.993988964486231164e-04
-1.179981626255175797e+02,1.003056999990010967e+00,7.994898158986608232e-04
-1.159981938392957090e+02,1.007396092911730490e+00,8.008571045511501604e-04
-1.139982250530738384e+02,1.003373380492052380e+00,7.992523333135759288e-04
-1.119982561820506817e+02,1.003170119354144463e+00,7.995123923882788228e-04
-1.099982873948465567e+02,1.002422548596904495e+00,7.990125194605414080e-04
-1.079983186082972679e+02,1.003971808360918372e+00,7.992825784477652819e-04
-1.059983497372741112e+02,1.003280387496094717e+00,7.994550309268853155e-04
-1.039983809490877320e+02,1.003697356446355382e+00,7.998996282645525445e-04
-1.019984120780645753e+02,1.004393790403175002e+00,7.996158270662568918e-04
-9.999844329184270464e+01,1.002564469286810533e+00,7.999284623681407252e-04
-9.799847450529341586e+01,1.002965875495993586e+00,7.996206123004693514e-04
-9.599850563427025918e+01,1.003227825650924832e+00,7.994596321136281276e-04
-9.399853684706613421e+01,1.003934274092491030e+00,7.993876695529707199e-04
-9.199856797669781372e+01,1.002608336673854961e+00,7.992669957619963784e-04
-8.999859910665691132e+01,1.004316545497219604e+00,7.993935590720014977e-04
-8.799863031847053207e+01,1.002768803363712324e+00,8.001677240787661953e-04
-8.599866144646512112e+01,1.004841476889123841e+00,8.000214063403452043e-04
-8.399869266024325043e+01,1.001123304835182415e+00,7.986273694555911162e-04
-8.199872378987492993e+01,1.002873505618905758e+00,7.986288418353487293e-04
-7.999875491885177325e+01,1.003750077419713449e+00,8.004130593558920906e-04
-7.799878613164764829e+01,1.003856443849539870e+00,8.011620098593060912e-04
-7.599881726062449161e+01,1.003184111899986464e+00,7.992096343006027627e-04
-7.399884839025617111e+01,1.003867533951197544e+00,8.001647179700942030e-04
-7.199887960305204615e+01,1.002914670961150057e+00,7.990566295041156382e-04
-6.999891073104663519e+01,1.004134328292504375e+00,8.019424324800409698e-04
-6.799894186002347851e+01,1.003114676419258888e+00,7.998726346356614886e-04
-6.599897298998257611e+01,1.004122933555890773e+00,7.988791463941568400e-04
-6.399900420343328733e+01,1.003056376883487033e+00,7.993977921638049065e-04
-6.199903533241013065e+01,1.003580350227376350e+00,8.021829211737977481e-04
-5.999906646138697397e+01,1.002703883632633630e+00,7.993101242190654970e-04
-5.799909759134607157e+01,1.002717900385615923e+00,7.997407339490346422e-04
-5.599912872130516917e+01,1.003061802905270694e+00,7.991760149628021224e-04
-5.399915984897234011e+01,1.003053085526597998e+00,7.992122723143353516e-04
-5.199919097696692916e+01,1.003330815674170484e+00,7.996585260792300580e-04
-4.999922219074505847e+01,1.001778684004260400e+00,8.004080287250532177e-04
-4.799925332037673797e+01,1.003145070268455674e+00,8.004981506360554604e-04
-4.599928444935358129e+01,1.003479009647672671e+00,7.991662604469073391e-04
-4.399931557833042461e+01,1.001309992465109433e+00,7.996851516131817106e-04
-4.199934670828952221e+01,1.001299680613554122e+00,7.984138743907252854e-04
-3.999937783824861981e+01,1.002002323321293131e+00,7.998615304383221904e-04
-3.799940896689804504e+01,1.002913753747870285e+00,8.004866169946202098e-04
-3.599944001107360236e+01,1.001740393731567647e+00,7.997653963099760717e-04
-3.399947114005044568e+01,1.003404814313237914e+00,7.991457084794562201e-04
-3.199950226968212519e+01,1.001015675708428754e+00,7.997111023064109973e-04
-2.999953339865896851e+01,1.002080380243054458e+00,7.990036238328386380e-04
-2.799956452763581183e+01,1.002326603988549447e+00,7.986983504297433039e-04
-2.599959565759490943e+01,1.003046190291619011e+00,7.992547259306822128e-04
-2.399962678755400702e+01,1.001827926476883679e+00,8.001342274392785449e-04
-2.199965791653085034e+01,1.002369081012619123e+00,7.994780982097558168e-04
-1.999968896136124386e+01,1.003348388785605838e+00,8.004561878129612092e-04
-1.799972008935583290e+01,1.001197200655753239e+00,7.997686478152742605e-04
-1.599975121833267622e+01,1.002039827013417206e+00,7.998552114751954602e-04
-1.399978234796435572e+01,1.001345926512297924e+00,7.990330714279925270e-04
-1.199981339312216733e+01,1.002851100052953637e+00,7.996408575221377246e-04
-9.999844522099010646e+00,1.001410249764484561e+00,7.999272353850093087e-04
-7.999875652058108244e+00,1.000562164090807560e+00,7.998061321499389063e-04
-5.999906698198174126e+00,1.002028256652514049e+00,7.987990857448322348e-04
-3.999937826847599354e+00,1.002129030443255076e+00,7.994705522634976700e-04
-1.999968954842188396e+00,1.001469433708814138e+00,8.001561904373308363e-04
0.000000000000000000e+00,1.003856704652282605e+00,8.005023223787023200e-04
1.999968870040902402e+00,1.001995322802500477e+00,7.998931866031126076e-04
3.999937825210508890e+00,1.002745070386419801e+00,8.007394982180042519e-04
5.999906696233665571e+00,1.001441696400408921e+00,7.998627574214536070e-04
7.999875650093599688e+00,1.002509144093333582e+00,8.000601176581412666e-04
9.999844520134502091e+00,1.002859486037214642e+00,8.008862454005211953e-04
1.199981347497669049e+01,1.001574446808925822e+00,8.005769229530922083e-04
1.399978234632726526e+01,1.001859893222920128e+00,7.986990252704655614e-04
1.599975130116945365e+01,1.001476605431896871e+00,7.992101864430119218e-04
1.799972017219261033e+01,1.000689948976816845e+00,7.994825153490288730e-04
1.999968912736221682e+01,1.001431598740476492e+00,7.995489564855949062e-04
2.199965799838537350e+01,1.002128305817598708e+00,7.993741113893685886e-04
2.399962695224530762e+01,1.001940721357991393e+00,7.999246587204333772e-04
2.599959590610524174e+01,1.002373339007905484e+00,8.003947773072340489e-04
2.799956477712839842e+01,1.002869649669226648e+00,7.996827589960754266e-04
2.999953373197058681e+01,1.000406136887147079e+00,7.992287138882962685e-04
3.199950268615793902e+01,1.002294021314074524e+00,7.995082206456319632e-04
3.399947155718109570e+01,1.002288582129100547e+00,7.992094502531331152e-04
3.599944051300553838e+01,1.001531227924492562e+00,7.997823286771894901e-04
3.799940946817514487e+01,1.001013181470319147e+00,7.991892050314647420e-04
3.999937842301733326e+01,1.000872496648840704e+00,7.993079769985855180e-04
4.199934737687726738e+01,1.001023959429565346e+00,7.989404342015709020e-04
4.399931624691816978e+01,1.000887496486844386e+00,8.001626934479273224e-04
4.599928520176035818e+01,1.005681340894825082e+00,8.018020656098074142e-04
4.799925415692996467e+01,1.000573909880740908e+00,7.990704330643440744e-04
4.999922311177215306e+01,1.000453585414996516e+00,7.987996378872413939e-04
5.199919206661434146e+01,1.001262768466619990e+00,7.998635549604890711e-04
5.399916102178394794e+01,1.000998264746917110e+00,8.000142898381830099e-04
5.599912997662613634e+01,1.001937680513833362e+00,8.002244106994374452e-04
5.799909893048607046e+01,1.002189235636012921e+00,7.997082188960522118e-04
5.999906788434600458e+01,1.001067538594581530e+00,7.994364421324444197e-04
6.199903683918819297e+01,1.000661489438481100e+00,8.017472808129898383e-04
6.399900579403038137e+01,1.001939312490642831e+00,8.013340942434867215e-04
6.599897474821773358e+01,9.996937644033853099e-01,7.988085948641007131e-04
6.799894370305992197e+01,1.000752581404851016e+00,7.999806091512257121e-04
6.999891265888436465e+01,1.000874611386616486e+00,7.998598740110948214e-04
7.199888161405397113e+01,1.001979779813777283e+00,8.013548916075641454e-04
7.399885056791390525e+01,1.001093837463097769e+00,8.014062408516137766e-04
7.599881952177383937e+01,1.000570238109065757e+00,8.003501151212505512e-04
7.799878847661602776e+01,9.999477383974003653e-01,8.001206692756765220e-04
7.999875743145821616e+01,1.000268399192192348e+00,8.009503552691374937e-04
8.199872638564556837e+01,1.001329121004862488e+00,8.004418321103236138e-04
8.399869542332453420e+01,1.002826701412167010e+00,8.016664839737863181e-04
8.599866437914897688e+01,1.001434677279833041e+00,7.999028797698508417e-04
8.799863333497341955e+01,1.000226075280665761e+00,8.005620151080454537e-04
8.999860229014302604e+01,1.001727911598002896e+00,8.000459460029734271e-04
9.199857132782199187e+01,1.001806112754170641e+00,8.012530520076568963e-04
9.399854028168192599e+01,1.001603282766708292e+00,7.998353343484664903e-04
9.599850923652411439e+01,1.001125388736674227e+00,8.009533000286529368e-04
9.799847819136630278e+01,1.001296102697677437e+00,8.005324448145784665e-04
9.999844722937268671e+01,1.000995940266629081e+00,8.002666802683145505e-04
1.019984161832326208e+02,1.003213849438457261e+00,8.020012663211921987e-04
1.039983851390570635e+02,1.001989584561235214e+00,8.004950218290703698e-04
1.059983541790279560e+02,1.001843172839826046e+00,7.998412238674972681e-04
1.079983231328878901e+02,9.997589546710029529e-01,8.007610317719605908e-04
1.099982921705668559e+02,1.000467783127339194e+00,8.000245351473302948e-04
1.119982611254090443e+02,1.002102575096411874e+00,8.002699317736128477e-04
1.139982301640702644e+02,9.994201441678670639e-01,7.997483412444494465e-04
1.159981991182576166e+02,1.001932533225831534e+00,8.007907247637407848e-04
1.179981681559365825e+02,1.001175351430406923e+00,8.016016992644477623e-04
1.199981371117610252e+02,1.001100936148598297e+00,8.015948281589118729e-04
1.219981061514044995e+02,1.000518794999233352e+00,8.022065405990775168e-04
1.239980751052644337e+02,1.001214692607311330e+00,8.016264229745457409e-04
1.259980441432708176e+02,1.001760478487006001e+00,8.009969806281312145e-04
1.279980130981130060e+02,9.999712915367902077e-01,8.016528644610276377e-04
1.299979821367742261e+02,1.001696712921923416e+00,8.007327498107815692e-04
1.319979511744531919e+02,1.000300535295325810e+00,8.009769194539325971e-04
1.339979201283131260e+02,1.000877137378117121e+00,8.007398663129437636e-04
1.359978891673017642e+02,1.002473559497463640e+00,8.023400363637751831e-04
1.379978582069452386e+02,1.000038212600809828e+00,8.012002303838496519e-04
1.399978271617874270e+02,1.000523570263132100e+00,8.004805434281196761e-04
1.419977961997938110e+02,1.002713816176259654e+00,8.014901051486458382e-04
1.439977652384550311e+02,1.000162580641941190e+00,8.001692578076803576e-04
1.459977342771162512e+02,1.000465057507626820e+00,8.007978412659029792e-04
1.479977032319584396e+02,1.000450688964970247e+00,8.000525103627265707e-04
1.499976722699648235e+02,1.000223472281005055e+00,8.009924407905449515e-04
1.519976413076437893e+02,1.001346532906843168e+00,8.039708809928919082e-04
1.539976103463050094e+02,1.001039168025936954e+00,8.004723226411392719e-04
1.559975793859484838e+02,1.001057419740040366e+00,8.000994424675030373e-04
1.579975484246097039e+02,1.000887261069000500e+00,8.013826214263341163e-04
1.599975174626160879e+02,1.001245686616074160e+00,8.009602938325019244e-04
1.619974865012773080e+02,1.000977017529060653e+00,8.007929946825338621e-04
1.639974554561194964e+02,9.991312479540984670e-01,8.012183283850379378e-04
1.659974244937984622e+02,1.000639751935682442e+00,8.012061199028804297e-04
1.679973935314774280e+02,1.000433282971948667e+00,8.002197481635379755e-04
1.699973625704660662e+02,1.000178211675604167e+00,8.001966808806674743e-04
1.719973316091272864e+02,1.001296966584421799e+00,8.008061847511965901e-04
1.739973006477885065e+02,1.001794650357273886e+00,8.011875924575960831e-04
1.759972696867771447e+02,9.998267400797441473e-01,8.008041602290297094e-04
1.779972388092573965e+02,1.001199584111060803e+00,8.005201749832643009e-04
1.799972078479186166e+02,1.001206958621424947e+00,8.009874715088627362e-04
1.819971768855975824e+02,1.001376673734317491e+00,8.018307770150824966e-04
1.839971459232765483e+02,1.001000717896423087e+00,8.016359934429707684e-04
1.859971149622651865e+02,1.000160906525784377e+00,8.008923189670217289e-04
1.879970840009264066e+02,1.001135350848981975e+00,8.014136027504022760e-04
1.899970530395876267e+02,1.000843667912587831e+00,8.002493798061616204e-04
1.919970221620678785e+02,1.000184772393527322e+00,7.993935590720014977e-04
1.939969912010565167e+02,1.000228941713921182e+00,8.010074713339048044e-04
1.959969602397177368e+02,1.001044166746366537e+00,8.008438531333308833e-04
1.979969292783789570e+02,1.000258766049732850e+00,8.027659222086884179e-04
1.999968983998769545e+02,1.001482729572551467e+00,8.005737941461070093e-04
2.019968674375559203e+02,1.000121436265773989e+00,8.002980296873221135e-04
2.039968364765445585e+02,9.992220246536627215e-01,8.015902883213256100e-04
2.059968055152057786e+02,9.996440721500146065e-01,7.987663252952234994e-04
2.079967746376860305e+02,1.000642178052386866e+00,8.006460634525472712e-04
2.099967436766746687e+02,1.000033932946746029e+00,8.002903610427507600e-04
2.119967127991549205e+02,9.999128264629961738e-01,8.007037316597236326e-04
2.139966818378161406e+02,1.000796527542451297e+00,8.005840394552544027e-04
2.159966508754951064e+02,1.000639302260817320e+00,8.004293168823832516e-04
2.179966199969931040e+02,9.996410413356056068e-01,7.998218988831775657e-04
2.199965890356543241e+02,1.001666611016981845e+00,8.008486383675434512e-04
2.219965581584619940e+02,1.000003643736336212e+00,7.998428802947247455e-04
2.239965271961409599e+02,1.000100681390729607e+00,7.994967483533532617e-04
2.259964963186212117e+02,1.000162530355302781e+00,8.000611605938030358e-04
2.279964653585921042e+02,1.000499867080617111e+00,8.007058788802036116e-04
2.299964344810723560e+02,1.001689241038480782e+00,8.001826319238128414e-04
2.319964035187513218e+02,1.000745282623829224e+00,7.998526348106194204e-04
2.339963726402493194e+02,1.001147213508336131e+00,7.999298733987418976e-04
2.359963417627295712e+02,1.001192528082124555e+00,8.003099314236968758e-04
2.379963108017182094e+02,1.001355724877566189e+00,7.993764426573183235e-04
2.399962799232162070e+02,1.000573876536297035e+00,7.994339881661815866e-04
2.419962490456964588e+02,1.001450350855055405e+00,8.015666688960459496e-04
2.439962180856673513e+02,1.000606215879227046e+00,8.002207910991997446e-04
2.459961872081476031e+02,1.000823365834749179e+00,8.010538512962721118e-04
2.479961563296456006e+02,1.001434446703671544e+00,7.990812305159005185e-04
2.499961253673245665e+02,9.998418702172574557e-01,8.017622500071930336e-04
2.519960944898048183e+02,1.000637176317701327e+00,8.009986984045151326e-04
2.539960636122850701e+02,1.000807660455631742e+00,7.997064397705116361e-04
2.559960327350927400e+02,1.001503594929546548e+00,8.001142889633931343e-04
2.579960018565907376e+02,1.000815544509480848e+00,8.000282160967245445e-04
2.599959708952519577e+02,1.000654765237452892e+00,8.000412834670740658e-04
2.619959400190418819e+02,1.000364648696178804e+00,7.994116570731898920e-04
2.639959091415221337e+02,1.000046868110884279e+00,7.989765688547910329e-04
2.659958782630201313e+02,1.000030512083772027e+00,7.992577320393542050e-04
2.679958473845181288e+02,1.001282990667099027e+00,8.010706609651725403e-04
2.699958165069983806e+02,1.000003971825891291e+00,8.000422650535792858e-04
2.719957856294786325e+02,1.000078242197424139e+00,8.003439802055935769e-04
2.739957547513040481e+02,1.000342017574620268e+00,7.991264448442930669e-04
2.759957238728020457e+02,1.000277941467352827e+00,7.996279741992578507e-04
2.779956929962645518e+02,1.000474063227073884e+00,7.984982294810099570e-04
2.799956621200544760e+02,9.996193033971224606e-01,7.988518460194829300e-04
2.819956312415524735e+02,9.996822275622170295e-01,8.007728108100221464e-04
2.839956003630504711e+02,1.000945171990270444e+00,8.009581466120219454e-04
2.859955694855307229e+02,9.997464281854447909e-01,7.993465656180684820e-04
2.879955386080109747e+02,1.001227002975363600e+00,7.992484069675554826e-04
2.899955077298363904e+02,1.000664335103135016e+00,7.987522763383688666e-04
2.919954768513343879e+02,1.000781250117064536e+00,7.990202494542693107e-04
2.939954459738146397e+02,1.000341887248148209e+00,7.996391397457536980e-04
2.959954150972771458e+02,1.001578925653192620e+00,7.996698756731955527e-04
2.979953843039038475e+02,9.997510151650658150e-01,7.989482255444554622e-04
2.999953534254018450e+02,1.002040056905989518e+00,8.011447707463098186e-04
3.019953225478820968e+02,1.000558840528253279e+00,7.988172450951771782e-04
3.039952916703623487e+02,1.000436999019270079e+00,7.998231872154655314e-04
3.059952608766616322e+02,1.000390976644923047e+00,7.985254071573706603e-04
3.079952299984870479e+02,1.000653843780425323e+00,7.988279811975769647e-04
3.099951991199850454e+02,1.000648421090537754e+00,7.983390284197092006e-04
3.119951682434475515e+02,9.997498970712290767e-01,7.983670036351053680e-04
3.139951374510565074e+02,1.001009244099191564e+00,8.003341643405422444e-04
3.159951065725545050e+02,1.001078133310950413e+00,7.988236254074604576e-04
3.179950756940525025e+02,1.001141838778841109e+00,7.987160189868356373e-04
3.199950449003517861e+02,1.000382066875734832e+00,7.998092609569239968e-04
3.219950140228320379e+02,1.000950622704334991e+00,7.990839298787896566e-04
3.239949832284764852e+02,1.000413991715404904e+00,7.990556479176105266e-04
3.259949523499744828e+02,9.994416631734498457e-01,7.995121469916525178e-04
3.279949215562737663e+02,9.999742393709356580e-01,7.984288435849285891e-04
3.299948906797362724e+02,9.999321166229174773e-01,7.992630080668192746e-04
3.319948598860355560e+02,1.000426041660927412e+00,7.991102486669584551e-04
3.339948290078609716e+02,1.000391893630491635e+00,7.987290250080286095e-04
3.359947982141602552e+02,1.003502062657536387e+00,8.006217078373886959e-04
3.379947673366405070e+02,1.000292763749117686e+00,7.997244764225434812e-04
3.399947365422849543e+02,1.000364833542592757e+00,7.984563280070721466e-04
3.419947056637829519e+02,1.001718348602928854e+00,7.989933171745348039e-04
3.439946748700822354e+02,1.001547974407637653e+00,7.982812375142196324e-04
3.459946440763815190e+02,1.000303325633746576e+00,7.991603709278765613e-04
3.479946131991891889e+02,1.001278625637921138e+00,7.989125816844878328e-04
3.499945824054884724e+02,1.000572434297961832e+00,7.995479135499332455e-04
3.519945516117877560e+02,9.998925344374814950e-01,7.987208042210480969e-04
3.539945207342680078e+02,1.000470638475944307e+00,7.981159015372617932e-04
3.559944899405672913e+02,1.000192621127442560e+00,7.986455288059359512e-04
3.579944591462117387e+02,1.000705334195777230e+00,8.014167315573873665e-04
3.599944282677097362e+02,9.995232443326217409e-01,7.984343650090199637e-04
3.619943974740090198e+02,1.000216721245396734e+00,7.993003697031707136e-04
3.639943666812905576e+02,1.000244342256972230e+00,7.990721508407281010e-04
3.659943358875898411e+02,1.001526893228642079e+00,8.007863689736242777e-04
3.679943050932342885e+02,1.001114262882958128e+00,7.990364456316039225e-04
3.699942742157145403e+02,1.001121150537307658e+00,7.990968745508259712e-04
3.719942434220138239e+02,9.999904045056822177e-01,8.000792585949913216e-04
3.739942126273308531e+02,1.001230500571407056e+00,7.995469319634280255e-04
3.759941818326478824e+02,1.001578464532068002e+00,7.984301319172165548e-04
3.779941510392745840e+02,1.000802178038847856e+00,8.001307918865106002e-04
3.799941202455738676e+02,9.999108578492695854e-01,7.982280477954728764e-04
3.819940894518731511e+02,9.999759916991637354e-01,7.985832594120167776e-04
3.839940586584998528e+02,1.000204771144036053e+00,7.995810420944812758e-04
3.859940278647991363e+02,1.003247576720385004e+00,8.009107850631494181e-04
3.879939970710984198e+02,1.001159926327042982e+00,7.988806187739145616e-04
3.899939662764154491e+02,1.001950269054902254e+00,7.985318488188105973e-04
3.919939354817324784e+02,1.000847303337800920e+00,7.983032618614284729e-04
3.939939046883591800e+02,9.997028834589755109e-01,7.995796924130367609e-04
3.959938738946584635e+02,1.001562066046758126e+00,7.999753944729173002e-04
3.979938430999754928e+02,9.993438682346791335e-01,7.980024669467627443e-04
3.999938123062747763e+02,9.992378109040463974e-01,7.994992636687726440e-04
4.019937815977027640e+02,1.002727337941587749e+00,7.988877966252333051e-04
4.039937508040020475e+02,1.001172053016768038e+00,8.004950218290703698e-04
4.059937200103013311e+02,1.001176574956279985e+00,7.980303808130023626e-04
4.079936892156183603e+02,1.000181824123515639e+00,7.991250338136918945e-04
4.099936584209353896e+02,1.000647032463670483e+00,7.995699378971420860e-04
4.119936276275620912e+02,9.991217217267824857e-01,8.005120768945969949e-04
4.139935969176804065e+02,1.000186609853765951e+00,7.988969989987189293e-04
4.159935661229974357e+02,9.994733029772260302e-01,7.990496970494231996e-04
4.179935353292967193e+02,1.000620976895609804e+00,7.989338084926613176e-04
4.199935046207247069e+02,1.000705409079229113e+00,7.987497610229494843e-04
4.219934738270239905e+02,1.000120207156483421e+00,7.988108647828937904e-04
4.239934430323410197e+02,9.994616893152031833e-01,7.983764514052172972e-04
4.259934123214770807e+02,1.000390938276901398e+00,7.979221609008118341e-04
4.279933815281037823e+02,1.001903009649567577e+00,7.984260828728829019e-04
4.299933507344030659e+02,9.999609093018597683e-01,7.986145474818677915e-04
4.319933200235391269e+02,1.000010928023075341e+00,7.987373684933222204e-04
4.339932892298384104e+02,1.000388149647639002e+00,7.986454061076228529e-04
4.359932585212663980e+02,1.000107925986088109e+00,7.993762586098485676e-04
4.379932277275656816e+02,1.000724706234469741e+00,8.000959455655785434e-04
4.399931970167017425e+02,1.000226402561217975e+00,7.987195772379166803e-04
4.419931662220187718e+02,1.000744931623797296e+00,7.998818983583036620e-04
4.439931355121370871e+02,1.000768069971714525e+00,8.000615900378989882e-04
4.459931047187637887e+02,1.001267521090835944e+00,7.991446655437945594e-04
4.479930740078998497e+02,9.999524025987492903e-01,7.996568083028460314e-04
4.499930432132168789e+02,9.999990801160634213e-01,7.976500773914211879e-04
4.519930125043174485e+02,1.000436759744028903e+00,7.982495813494292153e-04
4.539929817957454361e+02,1.000394290202432535e+00,7.998099971468029118e-04
4.559929510020447196e+02,1.000079483244466605e+00,7.979701972904066189e-04
4.579929202911807806e+02,1.000581167614258193e+00,7.985293948525477642e-04
4.599928895803168416e+02,1.001248006406350033e+00,8.003932435783197782e-04
4.619928587866161251e+02,1.001152795058777523e+00,7.989283484177264923e-04
4.639928280770618585e+02,1.000254813081571381e+00,7.998587083771199540e-04
4.659927973661979195e+02,1.000823527401422774e+00,7.992765662304214059e-04
4.679927665715149487e+02,1.001041918873320391e+00,7.991905547129093653e-04
4.699927358626155183e+02,1.000502532696027069e+00,7.990982242322705945e-04
4.719927051540435059e+02,1.000394615972242551e+00,7.997836170094774558e-04
4.739926744431795669e+02,1.000186039318723852e+00,7.987358347644079497e-04
4.759926437323156279e+02,9.994663316204998038e-01,8.000303633172045235e-04
4.779926129386149114e+02,1.000107685253099454e+00,7.983433842098257077e-04
4.799925822290606447e+02,1.000508999371225949e+00,7.990654637826618591e-04
4.819925515181967057e+02,1.000035212658446637e+00,7.988170610477074223e-04
4.839925208073327667e+02,1.000667984800130084e+00,7.980078656725410205e-04
4.859924900974510820e+02,1.000549513502478005e+00,7.993585287035996851e-04
4.879924593885516515e+02,1.000366388617987212e+00,7.996299373722680738e-04
4.899924286789973848e+02,1.000208848273620665e+00,7.990025195480204281e-04
4.919923979681334458e+02,1.000098257943601521e+00,7.988150978746971992e-04
4.939923672582517611e+02,1.000125169958915539e+00,7.991231933389947696e-04
4.959923365483700763e+02,1.000746619610871635e+00,7.989318453196510945e-04
4.979923058378335554e+02,1.000691856023113946e+00,7.987458346769289296e-04
4.999922751269696164e+02,1.000722562875894672e+00,8.000077254784299747e-04
5.019922444170879317e+02,1.002318873724990178e+00,7.990268751631788950e-04
5.039922137081885012e+02,9.996171239571706169e-01,8.006102355451099944e-04
5.059921829996164888e+02,1.000978051563572002e+00,7.982897650469829992e-04
5.079921522887525498e+02,9.999061355993712485e-01,7.991679782232913656e-04
5.099921215778886108e+02,1.001026400940144834e+00,8.021549459584015806e-04
5.119920908680069260e+02,9.991930672932272106e-01,8.006428732964056315e-04
5.139920602422716911e+02,1.001481731541747910e+00,7.998684628930146289e-04
5.159920295314077521e+02,1.000319732077323831e+00,7.990093293043997683e-04
5.179919988205438131e+02,9.993274076473088741e-01,8.008275342576831731e-04
5.199919681106621283e+02,1.000560569186039306e+00,8.007182714098308755e-04
5.219919374017626978e+02,1.000026739175721602e+00,7.997312248297661639e-04
5.239919067760274629e+02,9.999475005092831603e-01,8.004480283751372457e-04
5.259918760651635239e+02,1.001255461725537588e+00,8.006774742207113833e-04
5.279918453552818391e+02,1.000082757057946470e+00,7.984479231726219865e-04
5.299918147292191861e+02,1.001184615905930775e+00,8.002272327606396816e-04
5.319917840186826652e+02,1.000162237232405937e+00,7.986449153143702429e-04
5.339917533078187262e+02,9.997041680776532768e-01,8.008724418402928674e-04
5.359917226817560731e+02,9.996472756734142706e-01,7.989181031085792074e-04
5.379916919718743884e+02,1.001616728355400943e+00,7.985748545775666176e-04
5.399916612623201218e+02,9.991868204585916402e-01,7.986417251582286032e-04
5.419916306362574687e+02,9.987431026996349548e-01,7.987519695925860124e-04
5.439915999263757840e+02,1.001157165977143881e+00,8.000944118366642727e-04
5.459915693003131310e+02,1.000584072034338190e+00,8.006334255262937023e-04
5.479915385897766100e+02,9.999094970432659268e-01,7.988069384368732357e-04
5.499915079627317027e+02,1.001262649095389312e+00,7.992666276670568667e-04
5.519914772528500180e+02,9.996422799583042362e-01,7.988858334522230820e-04
5.539914466267873649e+02,9.998709207020801681e-01,7.993946020076632668e-04
5.559914159178879345e+02,9.996150073473972775e-01,7.991481010965625041e-04
5.579913852921526995e+02,1.002701685153848610e+00,8.018303475709864358e-04
5.599913545812887605e+02,1.000619525583077429e+00,7.987616627593241382e-04
5.619913239552261075e+02,1.000309962123179908e+00,8.003474771075180707e-04
5.639912933291634545e+02,1.000142673389966319e+00,7.993259523014607055e-04
5.659912626186269335e+02,1.000661036905333257e+00,7.989642376743203182e-04
5.679912319915820262e+02,1.000556409316113671e+00,7.992527014085153321e-04
5.699912013655193732e+02,9.995078666015532187e-01,7.989588389485421504e-04
5.719911706556376885e+02,9.989643108805474903e-01,7.998057640549995030e-04
5.739911400299024535e+02,1.000692489061008494e+00,7.988134414474697218e-04
5.759911094038398005e+02,9.997612195392674428e-01,8.015044608512833253e-04
5.779910786939581158e+02,1.000190817787399933e+00,7.989568144263752697e-04
5.799910480678954627e+02,1.000079619251767360e+00,7.990309855566692055e-04
5.819910174411779735e+02,9.998233274311774110e-01,7.999065607192449830e-04
5.839909868141330662e+02,1.001252786052391430e+00,8.004004827787950709e-04
5.859909561880704132e+02,1.001152974283844754e+00,8.004752060514980574e-04
5.879909254781887284e+02,1.000863326949137599e+00,7.996000603330182324e-04
5.899908948511438211e+02,9.991843538097122668e-01,8.005050830907480073e-04
5.919908642250811681e+02,1.000478911257751902e+00,7.993051549373832816e-04
5.939908336003281875e+02,1.000335127569452087e+00,7.989216613596603588e-04
5.959908029742655344e+02,9.991312995665204699e-01,8.000558232171813087e-04
5.979907723472206271e+02,9.998456667876797210e-01,7.997140470659264404e-04
5.999907417201757198e+02,1.000635697141376568e+00,8.005390091743315017e-04
6.019907110944404849e+02,9.992318606455887764e-01,8.008412151195984027e-04
6.039906804683778319e+02,1.000376190338906568e+00,7.992945415332965934e-04
6.059906498423151788e+02,1.000999831270025009e+00,7.993762586098485676e-04
6.079906192152702715e+02,1.000901129781754939e+00,7.996184650799893724e-04
6.099905885895350366e+02,1.000928991562433534e+00,8.002645330478345715e-04
6.119905579644546378e+02,1.000385766730394588e+00,7.996513482279112061e-04
6.139905273383919848e+02,9.993660922942306790e-01,7.989393912659092413e-04
6.159904967116744956e+02,9.992343505749083921e-01,8.027486217465354878e-04
6.179904660846295883e+02,1.000379395525496040e+00,8.003179068140509750e-04
6.199904354585669353e+02,9.997022089937691591e-01,7.994902453427567756e-04
6.219904049163233140e+02,9.995565893145827996e-01,7.994614725883251441e-04
6.239903742892784066e+02,1.000804450064440188e+00,7.998217148357078098e-04
6.259903436632157536e+02,1.000752154020013496e+00,8.009433614652885060e-04
6.279903130384627730e+02,1.000017167106932447e+00,7.990784084546982821e-04
6.299902824124001199e+02,1.000331862770003521e+00,8.000061304003591549e-04
6.319902518691742443e+02,9.998466708485421739e-01,7.996107964354181273e-04
6.339902212421293370e+02,1.000406888292892482e+00,8.000847186699261470e-04
6.359901906163941021e+02,1.000293400811621103e+00,7.998471133865280459e-04
6.379901599903314491e+02,1.000716381340531091e+00,7.992507995846616581e-04
6.399901294471055735e+02,1.001450611229037779e+00,8.002617109866323351e-04
6.419900988200606662e+02,1.001417630124712410e+00,8.008196815656420638e-04
6.439900681949802674e+02,9.997212765547234259e-01,8.009999253876465492e-04
6.459900376540463185e+02,1.000360437573903249e+00,8.004393167949042315e-04
6.479900070279836655e+02,1.000089049408034114e+00,7.994936808955247203e-04
6.499899764009387582e+02,9.992270305262340724e-01,8.009012145947244990e-04
6.519899458577128826e+02,9.992903333740431604e-01,8.006507259884466324e-04
6.539899152319776476e+02,9.995190336307991918e-01,8.003044713487620504e-04
6.559898846897340263e+02,1.000048677167926447e+00,7.999614682143757656e-04
6.579898540626891190e+02,9.998776569742070519e-01,8.020556830230703713e-04
6.599898235197906615e+02,9.994072064990184856e-01,7.997847212942957740e-04
6.619897928947102628e+02,9.991675068998944198e-01,8.002229383196797236e-04
6.639897623534488957e+02,9.995746847104871602e-01,8.005085186435159520e-04
6.659897317264039884e+02,1.000478929303955100e+00,8.000242897507039899e-04
6.719896400151992566e+02,1.000452040337332038e+00,8.021153757524135050e-04
6.739896094719733810e+02,9.986676208841378521e-01,8.001812208932116690e-04
6.759895788449284737e+02,9.989124960952111554e-01,7.992673025077792325e-04
6.779895483036671067e+02,1.000494608870729385e+00,8.003179681632076325e-04
6.799895177627331577e+02,9.992758186142556287e-01,7.997871752605586072e-04
6.819894871356882504e+02,9.994950612416639846e-01,8.003656978070195632e-04
6.839894565924623748e+02,9.996294089968250640e-01,8.005517084497416197e-04
6.859894260502187535e+02,1.000738407316469791e+00,8.012124388660071600e-04
6.879893954244835186e+02,9.985726887822121700e-01,8.001114055530343487e-04
6.899893648812576430e+02,1.000784470321821384e+00,8.013321310704764984e-04
6.919893343380317674e+02,9.989858040725579924e-01,7.996095081031300532e-04
6.939893037961155642e+02,9.999836459422687396e-01,8.023189936030714542e-04
6.959892732548541971e+02,1.000489515159829645e+00,8.006695601795138333e-04
6.979892426297737984e+02,1.000540990025977184e+00,8.004012803178305350e-04
6.999892120865479228e+02,9.997111983024988824e-01,8.010553850251863825e-04
7.019891815433220472e+02,1.000378194591571068e+00,8.006498057510980700e-04
7.039891510010784259e+02,9.998259078061393357e-01,7.999079104006896063e-04
7.059891204591622227e+02,9.992922861853011929e-01,8.008514604287456876e-04
7.079890899159363471e+02,9.991343238201045862e-01,8.003660659019589665e-04
7.099890593727104715e+02,1.001380999039614972e+00,8.005331196553007239e-04
7.119890288307942683e+02,1.002601561285445975e+00,8.010217656873857422e-04
7.139889982895329013e+02,9.995224857132128937e-01,8.001068657154480858e-04
7.159889677472892799e+02,1.000409244947063181e+00,8.011752612771253683e-04
7.179889372040634044e+02,1.001454739589204168e+00,8.011622552559323962e-04
7.199889066618197830e+02,9.996801016193532785e-01,8.016751955540193323e-04
7.219888761199035798e+02,9.993624108496091951e-01,8.001095650783372239e-04
7.239888455766777042e+02,9.997827775037851916e-01,8.000128174584252884e-04
7.259888150334518286e+02,9.989962403037776495e-01,8.024914460821913793e-04
7.279887844912082073e+02,9.998629624396228044e-01,8.003017106367163631e-04
7.299887539492920041e+02,1.000089220559277292e+00,7.997274211820588159e-04
7.319887234070483828e+02,9.999936135097919898e-01,8.001099945224331763e-04
7.339886929486237932e+02,1.000817420055890583e+00,7.999050883394873699e-04
7.359886624063801719e+02,9.995535570139042481e-01,7.999312230801864125e-04
7.379886318641365506e+02,9.994819588652432696e-01,8.004123231660131756e-04
7.399886013212380931e+02,1.001046401764975169e+00,8.013431739186591390e-04
7.419885707780122175e+02,1.000597074872856984e+00,8.016102267972111291e-04
7.439885403195876279e+02,1.000225670857032956e+00,8.006117692740242651e-04
7.459885097776714247e+02,1.001660729948270712e+00,8.012780824635377290e-04
7.479884792364100576e+02,1.002067979001635134e+00,8.011128078357365474e-04
7.499884486941664363e+02,9.986289177158509389e-01,8.003402992561993272e-04
7.519884182347595925e+02,1.000538171159500500e+00,8.016261162287628868e-04
7.539883876925159711e+02,9.994943850190931567e-01,8.009755084233314247e-04
7.559883571505997679e+02,1.000314183467307050e+00,8.004847765199230849e-04
7.579883266911929240e+02,1.000562076085872221e+00,7.995276683282648723e-04
7.599882961479670485e+02,9.997535035140897586e-01,8.007730562066484514e-04
7.619882656895424589e+02,1.000197647709080817e+00,8.008177797417883898e-04
7.639882351476262556e+02,1.000699731478740917e+00,8.003268024417537450e-04
7.659882046892016660e+02,1.000847524318590143e+00,8.013040331567671242e-04
7.679881741469580447e+02,1.000888804385578146e+00,8.002719562957796200e-04
7.699881436047144234e+02,1.000096826908440262e+00,8.007387006789688962e-04
7.739880826872104080e+02,9.999947053513756901e-01,8.004515866262183971e-04
7.759880521439845324e+02,1.001899258700827078e+00,8.015171601266934433e-04
7.779880216855599429e+02,1.001116522688671351e+00,8.021442098560016857e-04
7.799879911436437396e+02,1.000354839039565791e+00,8.008607241513878610e-04
7.819879606842368958e+02,1.000295330644758840e+00,8.006991918221373697e-04
7.839879301419932744e+02,9.995019146628623119e-01,8.011283291723489018e-04
7.879878692261263495e+02,1.000318527427013438e+00,8.011316420268036398e-04
7.899878386838827282e+02,1.001746571466759939e+00,8.008588223275341870e-04
7.919878082248033024e+02,9.992466756614472034e-01,8.004599914606685572e-04
7.959877472231528373e+02,9.997355847576901988e-01,8.008010927712011680e-04
7.979877167650556657e+02,9.989489616259195071e-01,8.000737985200564962e-04
7.999876863056488219e+02,1.001269966502445152e+00,8.025246973250527247e-04
8.059875948475382756e+02,1.000014517632487721e+00,8.000058850037328499e-04
8.079875643884588499e+02,1.000291214363878245e+00,8.008221355319048969e-04
8.099875339290520060e+02,1.000471829478119190e+00,8.004506050397132855e-04
8.119875034706274164e+02,1.000817274699520976e+00,8.005460643273371469e-04
8.139874730122028268e+02,1.000970116020305278e+00,8.020035975891418251e-04
8.159874425527959829e+02,1.000322250619245734e+00,8.014963014134594702e-04
8.179874120108797797e+02,1.000614409697698326e+00,8.008240373557585709e-04
8.199873815534374444e+02,1.000967272936753139e+00,8.024462931029554885e-04
8.219873510950128548e+02,1.001176861642125049e+00,8.016051961663722561e-04
8.239873206359334290e+02,9.999822909336153476e-01,8.017663604006833441e-04
8.259872901765265851e+02,1.000301976705129325e+00,8.017381397886607633e-04
8.279872597181019955e+02,1.001097676244405932e+00,8.017559923932228525e-04
8.299872292596774059e+02,1.000163202349515945e+00,8.004385192558688758e-04
8.319871988002705621e+02,9.995336288458791518e-01,8.019099174270585394e-04
8.339871683411911363e+02,9.993507856341030671e-01,8.007162468876639948e-04
8.359871378837488010e+02,1.000251933280912997e+00,8.007855714345888136e-04
8.399870770517009078e+02,9.996500343428327273e-01,8.007434245640248065e-04
8.419870465926214820e+02,9.996189522143406059e-01,7.995379136374121572e-04
8.459869856747900485e+02,1.000613004663829519e+00,8.014602281093958884e-04
8.479869552163654589e+02,9.999985804334794448e-01,8.001823865271865364e-04
8.499869247569586150e+02,9.996949634731716605e-01,8.013974065730675557e-04
8.519868943816982210e+02,9.998855837736522201e-01,8.001914048532024048e-04
8.539868639242558856e+02,1.000763800047923313e+00,8.010805995285369711e-04
8.559868334668135503e+02,1.000316218257088385e+00,8.001269268896467031e-04
8.579868030077341245e+02,1.000782644992127768e+00,8.017489372402172073e-04
8.599867726321463124e+02,1.001132943904708084e+00,8.003771087501417155e-04
8.619867421737217228e+02,1.000060356907451764e+00,8.011585743065381465e-04
8.639867117152971332e+02,9.994207381095714382e-01,8.003891331848294677e-04
8.659866813397093210e+02,1.000621326764439711e+00,8.012860578538919367e-04
8.679866508806298953e+02,1.001144877606108041e+00,8.013142784659144091e-04
8.699866204231875599e+02,9.995153415514463902e-01,8.011844636506109925e-04
8.719865900495642563e+02,9.998783371199009284e-01,8.009100488732706115e-04
8.739865595901574125e+02,1.001124172506930643e+00,8.021613262706849684e-04
8.759865292145696003e+02,9.993504828707499010e-01,8.011342186913796796e-04
8.779864987564724288e+02,1.000647470947075401e+00,8.004490713107990148e-04
8.799864683818668709e+02,1.002571477126348309e+00,8.024152504297306712e-04
8.819864379234422813e+02,9.995715288144680910e-01,8.007415227401711326e-04
8.839864075478544692e+02,9.995637081780095468e-01,8.015055651361016435e-04
8.859863770887750434e+02,1.001158622513228513e+00,8.016280794017731099e-04
8.879863467151517398e+02,1.001165004571058725e+00,8.008257551321425975e-04
8.899863162577094045e+02,9.994552262778404472e-01,8.000568661528430778e-04
8.919862858821215923e+02,1.000425323607609940e+00,8.012847081724474218e-04
8.939862554227147484e+02,1.001070412791458697e+00,8.023066010734441903e-04
8.959862250484366086e+02,1.000708365477400275e+00,8.013140330692881041e-04
8.979861946738310507e+02,9.983805572544005580e-01,8.011936046749399591e-04
8.999861642144242069e+02,9.994244303382328054e-01,8.002860666017909104e-04
9.019861338391638128e+02,1.000599576589969564e+00,8.008180251384146948e-04
9.039861034645582549e+02,9.996418074795860864e-01,8.009059998289369585e-04
9.059860730071159196e+02,1.001516992223638436e+00,7.998360705383454053e-04
9.079860426325103617e+02,9.999969314043760660e-01,8.002250855401597026e-04
9.099860122569225496e+02,9.997317231709803576e-01,8.012814566671491246e-04
9.119859818826444098e+02,9.989773057850163118e-01,8.005574139213027501e-04
9.139859514242198202e+02,9.997499010724486546e-01,8.002966186567210495e-04
9.159859210486320080e+02,1.000132323057970174e+00,7.994331906271461225e-04
9.179858906730441959e+02,9.991596004900326067e-01,8.009336682985502718e-04
9.239857994667181629e+02,1.000908625392660456e+00,8.004164335595033777e-04
9.259857690921126050e+02,9.997901781292586332e-01,8.002737354213201957e-04
9.279857387165247928e+02,1.000822933357817801e+00,8.026920578241773362e-04
9.299857083422466530e+02,1.000701757726679242e+00,8.011373474983647701e-04
9.319856779676410952e+02,1.002851997523893424e+00,8.014742770662506297e-04
9.339856475920532830e+02,1.000805718681424539e+00,8.003704216920754736e-04
9.359856172167928889e+02,9.995042828117336464e-01,8.009448338450461191e-04
9.379855868421873311e+02,1.000944996897621175e+00,8.010910288851539034e-04
9.399855564685640275e+02,1.000019784762126163e+00,8.008304176680419587e-04
9.419855260939584696e+02,1.001218628201359540e+00,8.014159953675084515e-04
9.439854957183706574e+02,1.000983525650048556e+00,8.015578959666563863e-04
9.459854653440925176e+02,1.000094887230962071e+00,8.005426287745692022e-04
9.479854349694869597e+02,1.001942303265030532e+00,8.009492509843192838e-04
9.499854045938991476e+02,1.000294997895466720e+00,8.015344605888463734e-04
9.519853742183113354e+02,9.991721555379933228e-01,7.996946607324500805e-04
9.539853438440331956e+02,1.000003323654473197e+00,8.000171118993852463e-04
9.559853135532466695e+02,1.000239899815908773e+00,8.001973557213897317e-04
9.579852831786411116e+02,1.000078950300655745e+00,8.004355131471968835e-04
9.599852528040355537e+02,1.000801845819056179e+00,7.999658853536488218e-04
9.619852224294299958e+02,9.998151790127017824e-01,8.004144703864931546e-04
9.639851920551518560e+02,9.999260132783892585e-01,8.006548363819368345e-04
9.659851617633830756e+02,1.000580916614165927e+00,8.007477190049847645e-04
9.679851313877952634e+02,1.001570003371619277e+00,8.001495033792647028e-04
9.699851010131897056e+02,1.000312057155164691e+00,8.025182556636127878e-04
9.719850706389115658e+02,9.995212638219460599e-01,8.028453080172907657e-04
9.739850403481250396e+02,1.000958589065267024e+00,8.011741569923071585e-04
9.759850099735194817e+02,9.996166892507549750e-01,8.009702937450230128e-04
9.779849795989139238e+02,1.000092814078489267e+00,8.011434210648651954e-04
9.799849493081273977e+02,1.001689439396056702e+00,8.022666014233601622e-04
9.819849189338492579e+02,9.993209229124844217e-01,8.008718283487271591e-04
9.839848885582614457e+02,1.000528568957724573e+00,8.019778309433821858e-04
9.859848582664926653e+02,9.999651322649404372e-01,8.011283291723489018e-04
9.879848278922145255e+02,1.001021585636431510e+00,8.017270355913215735e-04
9.899847976014279993e+02,1.001687802719255060e+00,8.018019429114942075e-04
9.919847672268224414e+02,1.000097749311338546e+00,8.017121277462748189e-04
9.939847369360359153e+02,9.996145600891581662e-01,8.006848974686564318e-04
9.959847065614303574e+02,1.000185135238510936e+00,8.007143450638103208e-04
9.979846762709712493e+02,1.000471359510372471e+00,8.020285666958661087e-04
9.999846458953834372e+02,1.001628923589182429e+00,8.027175790733106706e-04
1.001984615603614657e+03,1.000079151546748202e+00,8.027002172620011913e-04
1.003984585229009099e+03,9.994158009090906569e-01,8.018944574396027342e-04
1.005984554938549991e+03,1.000576947394222538e+00,8.015309023377652220e-04
1.007984524646781210e+03,1.000067366611924635e+00,8.012917019762964095e-04
1.009984494272175652e+03,1.000332226322653950e+00,8.008685154942723127e-04
1.011984463982371381e+03,1.000672934094462008e+00,8.012996160174940680e-04
1.013984433691584854e+03,9.992473977708458133e-01,8.005393772692709050e-04
1.015984403317306715e+03,9.993929247832041840e-01,8.011394947188447491e-04
1.017984373025537934e+03,1.001408130873000957e+00,8.012416410645348524e-04
1.019984342733769154e+03,1.000228676514612003e+00,8.015022522816467971e-04
